credito_id,cliente_id,monto,tipo_credito,fecha_otorgamiento
1,297,15988.07,Personal,2018-09-21
2,850,39204.65,Hipotecario,2018-07-20
3,676,83973.25,Empresarial,2016-01-20
4,424,26133.92,Automotriz,2019-10-22
5,536,14843.81,Personal,2016-03-13
6,834,53963.82,Personal,2022-04-13
7,818,48138.54,Hipotecario,2022-01-13
8,563,2094.83,Empresarial,2023-07-14
9,398,13761.71,Hipotecario,2016-08-26
10,278,22605.65,Empresarial,2015-05-16
11,7,45308.62,Empresarial,2017-09-27
12,144,22088.85,Hipotecario,2015-02-16
13,33,82306.07,Empresarial,2020-05-24
14,927,10572.94,Empresarial,2020-05-04
15,864,66850.46,Empresarial,2020-11-06
16,442,31583.88,Personal,2019-09-02
17,697,29703.34,Hipotecario,2017-02-09
18,306,19796.07,Automotriz,2017-07-15
19,367,28365.86,Automotriz,2017-03-18
20,657,41540.14,Empresarial,2018-12-13
21,950,36903.63,Empresarial,2019-11-09
22,223,33828.2,Automotriz,2019-12-23
23,94,9494.5,Personal,2021-10-10
24,845,87179.54,Automotriz,2021-05-20
25,748,10772.95,Automotriz,2017-06-24
26,408,73140.46,Automotriz,2017-04-11
27,124,97863.21,Personal,2017-11-08
28,343,94292.41,Automotriz,2022-02-02
29,740,12740.4,Hipotecario,2018-12-18
30,787,62643.34,Automotriz,2017-09-06
31,203,18567.93,Automotriz,2023-07-02
32,359,26359.57,Empresarial,2016-05-26
33,756,94304.46,Personal,2019-06-23
34,472,73265.23,Personal,2020-08-17
35,445,51346.32,Empresarial,2017-09-26
36,484,36984.98,Automotriz,2020-10-14
37,375,35249.36,Automotriz,2018-03-09
38,674,90987.03,Empresarial,2017-10-05
39,774,89329.76,Hipotecario,2021-09-15
40,887,38938.58,Hipotecario,2015-04-23
41,272,46903.53,Empresarial,2019-08-20
42,605,8262.58,Hipotecario,2017-07-17
43,953,28096.81,Empresarial,2022-03-01
44,442,82130.44,Hipotecario,2022-04-12
45,753,53724.77,Empresarial,2018-02-10
46,464,56502.19,Automotriz,2016-03-06
47,16,37689.31,Personal,2019-11-21
48,757,35668.36,Hipotecario,2021-05-05
49,122,93052.67,Automotriz,2015-10-06
50,951,16314.02,Personal,2021-11-18
51,384,49133.11,Personal,2016-10-07
52,187,33526.33,Automotriz,2023-07-21
53,844,63215.19,Hipotecario,2016-10-04
54,645,17266.71,Personal,2020-07-03
55,870,6380.98,Automotriz,2023-04-13
56,73,85237.62,Hipotecario,2020-03-18
57,516,39545.65,Empresarial,2020-09-06
58,765,2309.28,Automotriz,2023-12-20
59,730,16404.85,Hipotecario,2022-06-24
60,834,62800.36,Automotriz,2018-09-13
61,390,94194.66,Personal,2017-12-23
62,326,44297.76,Hipotecario,2017-06-08
63,731,16362.36,Personal,2022-02-13
64,123,51253.76,Empresarial,2019-03-01
65,131,31323.67,Automotriz,2015-10-14
66,456,99967.36,Hipotecario,2021-01-14
67,694,78824.62,Hipotecario,2022-11-27
68,95,47934.72,Personal,2022-08-22
69,75,1927.32,Empresarial,2016-08-01
70,683,11038.83,Empresarial,2017-06-25
71,530,97188.27,Hipotecario,2019-07-09
72,929,99978.59,Automotriz,2016-03-18
73,620,6589.03,Automotriz,2022-02-21
74,240,12212.02,Personal,2022-07-13
75,466,60793.69,Personal,2016-06-08
76,499,87282.33,Empresarial,2023-10-22
77,307,96539.73,Hipotecario,2018-08-10
78,93,90807.96,Hipotecario,2016-09-03
79,82,99500.18,Automotriz,2015-04-21
80,94,42127.02,Empresarial,2021-01-09
81,996,40772.31,Personal,2020-01-07
82,157,76247.49,Automotriz,2015-12-13
83,924,99541.69,Empresarial,2021-09-25
84,776,97567.41,Hipotecario,2020-07-21
85,589,71919.34,Empresarial,2016-02-16
86,4,98979.81,Personal,2016-12-19
87,199,58574.89,Hipotecario,2020-08-26
88,467,80001.74,Automotriz,2015-10-19
89,950,74709.79,Automotriz,2022-11-05
90,246,30152.68,Empresarial,2019-01-26
91,416,5233.29,Personal,2021-03-17
92,803,86828.39,Empresarial,2018-03-13
93,319,50381.75,Hipotecario,2017-04-15
94,881,18423.02,Personal,2016-03-19
95,769,17000.6,Hipotecario,2022-02-08
96,429,76551.46,Automotriz,2016-12-28
97,166,73836.5,Automotriz,2020-05-15
98,482,74125.65,Personal,2020-09-17
99,859,10867.13,Hipotecario,2021-08-03
100,50,68414.15,Personal,2023-03-25
101,265,45890.25,Hipotecario,2018-04-20
102,487,31148.19,Personal,2017-11-12
103,122,69846.29,Hipotecario,2017-10-28
104,411,58520.44,Automotriz,2019-12-02
105,874,2256.89,Personal,2021-11-21
106,367,16886.15,Personal,2016-10-17
107,220,90503.65,Empresarial,2017-02-14
108,218,27208.77,Personal,2016-01-24
109,464,95721.66,Automotriz,2015-01-28
110,715,41180.88,Automotriz,2022-03-14
111,557,40056.22,Personal,2020-01-14
112,994,91880.84,Personal,2023-02-12
113,269,13442.9,Hipotecario,2019-06-05
114,550,82730.91,Empresarial,2017-10-03
115,458,13695.64,Automotriz,2017-12-15
116,141,11443.64,Personal,2022-08-22
117,841,66685.56,Personal,2023-10-16
118,292,45395.64,Automotriz,2015-09-28
119,647,28306.94,Personal,2018-08-25
120,757,71165.27,Hipotecario,2019-05-24
121,80,93548.13,Personal,2017-04-10
122,350,5111.84,Hipotecario,2019-01-18
123,241,33757.32,Hipotecario,2023-07-20
124,902,78923.4,Automotriz,2022-02-20
125,971,16396.24,Hipotecario,2016-12-01
126,694,37279.71,Hipotecario,2017-12-28
127,655,27855.04,Automotriz,2015-10-14
128,682,40335.14,Empresarial,2019-11-28
129,721,8780.36,Automotriz,2023-12-07
130,521,83774.82,Personal,2021-06-04
131,957,19779.41,Empresarial,2019-12-16
132,681,73225.4,Personal,2019-10-13
133,646,23705.64,Empresarial,2015-07-02
134,522,70210.86,Personal,2023-02-10
135,292,29295.52,Personal,2017-01-27
136,622,91318.47,Empresarial,2023-11-27
137,201,1163.68,Personal,2016-03-22
138,518,8999.54,Empresarial,2015-08-12
139,664,87950.15,Automotriz,2018-10-15
140,330,91634.51,Personal,2018-09-15
141,145,13966.36,Automotriz,2015-09-26
142,193,48556.61,Personal,2019-10-11
143,766,53111.36,Hipotecario,2021-06-07
144,167,52154.04,Personal,2016-09-07
145,46,31270.41,Hipotecario,2015-04-06
146,488,66677.35,Empresarial,2018-02-17
147,675,73450.58,Empresarial,2021-11-02
148,915,62436.16,Empresarial,2015-12-24
149,516,18947.34,Empresarial,2018-11-16
150,949,92912.64,Personal,2015-07-12
151,399,93525.72,Hipotecario,2023-12-06
152,851,32749.35,Empresarial,2023-07-27
153,618,5648.58,Personal,2015-10-07
154,983,14869.41,Hipotecario,2021-08-25
155,95,28415.47,Personal,2015-02-06
156,884,76352.84,Personal,2023-11-23
157,965,9933.51,Hipotecario,2018-02-06
158,97,4837.7,Personal,2016-08-28
159,635,30266.4,Hipotecario,2023-06-19
160,191,44235.04,Automotriz,2015-02-09
161,601,9279.86,Empresarial,2022-04-12
162,421,79747.38,Hipotecario,2021-04-11
163,587,73187.76,Hipotecario,2023-02-19
164,881,18348.59,Hipotecario,2022-01-09
165,577,89292.25,Automotriz,2020-03-17
166,279,95365.06,Hipotecario,2019-07-09
167,433,6492.19,Empresarial,2019-08-13
168,637,8608.53,Hipotecario,2023-03-20
169,474,28272.26,Hipotecario,2016-10-08
170,890,26107.37,Automotriz,2015-02-08
171,945,97475.92,Automotriz,2021-12-08
172,38,43334.48,Personal,2016-10-12
173,572,8540.88,Personal,2016-02-18
174,275,70842.43,Personal,2020-05-02
175,346,85316.92,Automotriz,2018-02-02
176,925,86859.01,Personal,2015-10-09
177,708,58171.06,Personal,2021-01-01
178,745,91931.86,Automotriz,2015-06-27
179,287,56489.59,Hipotecario,2018-05-26
180,574,43986.87,Hipotecario,2020-08-13
181,444,11541.63,Empresarial,2021-11-23
182,126,57882.16,Personal,2023-03-08
183,517,64870.73,Personal,2019-07-18
184,745,78364.0,Empresarial,2022-01-25
185,284,1167.69,Automotriz,2023-12-02
186,685,69066.27,Automotriz,2021-06-12
187,200,90259.47,Personal,2015-09-08
188,737,20564.67,Empresarial,2022-08-27
189,560,53294.91,Hipotecario,2019-11-01
190,966,44843.11,Automotriz,2016-08-27
191,687,88318.74,Hipotecario,2022-12-17
192,644,91705.58,Empresarial,2017-06-13
193,514,68810.52,Empresarial,2018-08-25
194,262,89515.33,Personal,2017-02-03
195,485,59741.23,Personal,2021-05-24
196,582,71156.93,Automotriz,2020-02-26
197,193,40213.92,Personal,2023-09-16
198,573,85145.04,Automotriz,2022-12-20
199,659,30958.48,Hipotecario,2015-04-03
200,415,30786.0,Hipotecario,2018-07-09
201,206,4734.29,Empresarial,2021-04-04
202,148,23963.18,Personal,2022-01-27
203,96,62220.49,Empresarial,2017-06-13
204,468,47704.62,Automotriz,2022-03-04
205,829,36649.92,Personal,2018-11-16
206,179,59202.5,Personal,2022-10-13
207,738,58708.76,Empresarial,2018-02-27
208,312,44780.56,Empresarial,2017-05-20
209,807,82016.79,Personal,2017-07-28
210,24,30759.93,Personal,2021-05-18
211,93,58621.22,Empresarial,2018-10-24
212,718,48235.36,Automotriz,2021-01-07
213,576,3509.91,Hipotecario,2020-06-01
214,962,27276.7,Hipotecario,2020-05-22
215,726,5112.0,Empresarial,2022-07-02
216,469,92117.39,Empresarial,2019-06-19
217,357,66674.65,Empresarial,2017-08-03
218,688,76885.53,Empresarial,2015-07-04
219,181,50967.31,Automotriz,2015-12-15
220,286,37931.67,Automotriz,2016-11-25
221,168,50540.65,Empresarial,2017-08-26
222,93,94818.08,Personal,2019-04-01
223,402,67885.16,Automotriz,2022-04-04
224,456,94132.31,Personal,2022-05-18
225,549,80243.02,Automotriz,2019-06-08
226,859,71699.24,Empresarial,2022-01-25
227,474,16121.22,Empresarial,2016-07-23
228,307,48815.66,Empresarial,2019-04-27
229,68,30989.92,Empresarial,2018-07-08
230,72,11113.76,Empresarial,2019-08-14
231,161,3786.26,Automotriz,2017-02-14
232,468,8782.03,Automotriz,2023-01-08
233,631,15548.61,Personal,2021-01-17
234,646,5397.17,Automotriz,2023-01-27
235,961,3033.48,Automotriz,2017-10-13
236,985,39759.43,Personal,2016-10-24
237,500,55504.37,Hipotecario,2017-01-18
238,10,11658.17,Personal,2019-06-10
239,950,76832.55,Empresarial,2020-08-26
240,775,47462.9,Automotriz,2018-08-06
241,2,10240.57,Empresarial,2020-02-25
242,544,24412.39,Automotriz,2015-07-27
243,492,69820.06,Personal,2019-08-17
244,459,39897.12,Empresarial,2016-03-14
245,591,24215.58,Automotriz,2021-10-21
246,388,23172.86,Hipotecario,2019-08-05
247,103,77966.55,Hipotecario,2023-07-28
248,148,3705.85,Hipotecario,2020-02-21
249,152,71736.19,Personal,2020-01-03
250,757,11434.65,Personal,2023-01-03
251,606,35410.71,Automotriz,2017-04-07
252,525,12123.53,Automotriz,2018-07-12
253,863,33699.43,Hipotecario,2016-01-11
254,397,23982.06,Hipotecario,2016-08-09
255,707,55284.6,Empresarial,2017-09-10
256,240,76062.56,Empresarial,2015-08-12
257,757,34835.61,Personal,2021-12-17
258,436,22930.25,Hipotecario,2019-08-18
259,52,66345.02,Personal,2021-04-06
260,198,71928.52,Personal,2017-10-02
261,105,88977.67,Empresarial,2020-01-04
262,282,91913.67,Empresarial,2022-10-03
263,554,95965.5,Empresarial,2022-03-03
264,287,16638.55,Hipotecario,2017-10-18
265,420,11461.06,Empresarial,2016-09-05
266,315,61586.9,Hipotecario,2019-09-26
267,407,39027.54,Hipotecario,2017-09-10
268,521,6695.71,Automotriz,2022-02-25
269,716,85676.17,Empresarial,2022-11-03
270,297,84534.98,Hipotecario,2015-01-05
271,282,59874.77,Hipotecario,2023-12-16
272,942,14158.78,Empresarial,2020-10-01
273,434,9231.75,Empresarial,2015-03-18
274,666,52016.13,Automotriz,2020-04-02
275,593,18436.17,Automotriz,2022-12-17
276,223,6519.42,Automotriz,2021-07-23
277,923,60202.93,Hipotecario,2016-07-22
278,657,43363.41,Automotriz,2018-05-17
279,840,95852.28,Hipotecario,2020-06-02
280,439,76078.44,Hipotecario,2023-04-01
281,622,56908.73,Empresarial,2015-09-11
282,383,48603.32,Personal,2023-11-04
283,758,61011.71,Personal,2020-10-05
284,411,91000.37,Personal,2020-12-18
285,791,79917.45,Automotriz,2023-11-01
286,566,96322.69,Empresarial,2023-09-20
287,653,69915.64,Automotriz,2022-08-28
288,459,4299.5,Hipotecario,2018-04-09
289,1,75248.41,Automotriz,2017-03-04
290,787,69049.08,Hipotecario,2019-04-13
291,302,63274.51,Personal,2018-02-04
292,162,47877.0,Empresarial,2023-06-09
293,902,90279.8,Automotriz,2017-10-01
294,80,22842.78,Personal,2023-11-11
295,618,17523.64,Personal,2021-04-10
296,865,48697.16,Personal,2019-02-08
297,724,88119.5,Automotriz,2022-02-09
298,125,40834.38,Hipotecario,2018-11-15
299,772,83178.63,Hipotecario,2023-04-05
300,50,99471.28,Hipotecario,2023-12-10
301,673,92484.34,Automotriz,2016-10-07
302,722,32552.52,Hipotecario,2019-07-18
303,193,97325.49,Personal,2023-05-09
304,263,11885.66,Automotriz,2020-09-26
305,685,83998.06,Personal,2020-12-08
306,941,40917.18,Personal,2015-01-21
307,736,75314.96,Automotriz,2023-10-25
308,683,54713.9,Automotriz,2021-01-26
309,198,30356.85,Empresarial,2022-12-07
310,383,95654.35,Empresarial,2017-06-06
311,820,49634.58,Hipotecario,2020-12-07
312,613,80447.86,Hipotecario,2020-05-03
313,116,85986.5,Personal,2020-09-08
314,555,73773.93,Hipotecario,2017-06-07
315,500,58051.09,Empresarial,2022-08-24
316,560,26303.32,Hipotecario,2015-10-28
317,319,40466.5,Automotriz,2022-03-03
318,534,17008.67,Empresarial,2020-03-22
319,664,82734.17,Personal,2022-04-22
320,344,90629.74,Personal,2020-07-10
321,356,20920.11,Empresarial,2022-10-23
322,900,5420.99,Personal,2020-04-06
323,588,38699.59,Automotriz,2020-11-20
324,149,42557.13,Empresarial,2022-01-26
325,832,87682.34,Hipotecario,2015-04-28
326,494,59293.81,Empresarial,2018-10-20
327,104,67891.97,Automotriz,2021-04-27
328,906,33533.64,Hipotecario,2021-02-04
329,852,12903.49,Empresarial,2015-04-06
330,329,21317.47,Hipotecario,2018-05-16
331,851,50669.54,Personal,2019-04-09
332,866,20746.96,Automotriz,2021-09-10
333,471,42223.72,Personal,2022-05-22
334,454,61338.98,Personal,2018-09-19
335,449,30118.1,Empresarial,2018-05-06
336,937,98524.58,Hipotecario,2017-06-23
337,25,80106.18,Hipotecario,2017-04-18
338,643,62009.51,Empresarial,2021-06-08
339,958,49143.89,Hipotecario,2020-01-04
340,253,42904.82,Automotriz,2021-03-15
341,986,56762.61,Hipotecario,2017-03-18
342,686,68072.07,Hipotecario,2017-02-12
343,259,1587.07,Automotriz,2017-09-15
344,703,46118.17,Automotriz,2016-12-25
345,234,52422.85,Empresarial,2016-01-07
346,240,42891.05,Hipotecario,2015-10-20
347,978,89765.72,Personal,2018-08-20
348,616,99564.12,Automotriz,2016-09-14
349,618,53493.47,Automotriz,2019-05-12
350,417,18522.07,Automotriz,2016-05-15
351,624,92660.5,Automotriz,2020-05-27
352,657,44154.31,Empresarial,2020-11-24
353,486,6111.72,Empresarial,2017-03-08
354,331,71786.15,Hipotecario,2020-08-26
355,963,3308.76,Hipotecario,2015-11-20
356,956,18038.47,Empresarial,2021-09-13
357,640,23073.14,Hipotecario,2023-10-05
358,783,25247.87,Hipotecario,2016-11-24
359,394,1002.96,Automotriz,2019-01-09
360,864,7163.62,Automotriz,2019-06-23
361,293,16884.06,Automotriz,2020-01-12
362,15,16471.67,Empresarial,2021-01-08
363,800,44693.33,Automotriz,2023-12-25
364,869,91492.31,Automotriz,2015-11-18
365,702,41902.34,Automotriz,2021-06-09
366,235,72638.47,Personal,2019-05-17
367,114,48839.91,Empresarial,2023-02-07
368,220,62224.25,Empresarial,2021-02-01
369,20,5420.11,Hipotecario,2023-04-02
370,801,91142.48,Empresarial,2023-06-01
371,612,14665.85,Automotriz,2022-10-21
372,957,39266.14,Personal,2018-08-19
373,210,1934.91,Automotriz,2019-08-08
374,412,19500.1,Hipotecario,2017-05-01
375,763,15620.06,Empresarial,2023-01-02
376,472,84267.2,Personal,2018-07-11
377,460,46017.26,Hipotecario,2016-10-02
378,875,51782.33,Hipotecario,2016-05-08
379,882,41273.25,Empresarial,2019-08-04
380,181,14016.16,Automotriz,2018-02-25
381,344,29240.61,Automotriz,2022-06-03
382,346,70972.36,Personal,2019-12-13
383,10,73646.6,Hipotecario,2023-02-02
384,308,40735.13,Automotriz,2023-04-18
385,841,61857.8,Hipotecario,2018-12-13
386,146,27958.79,Empresarial,2019-11-17
387,296,33468.95,Automotriz,2023-07-26
388,196,36641.33,Empresarial,2019-05-06
389,925,29919.22,Automotriz,2018-05-21
390,835,34155.33,Personal,2022-01-11
391,741,91488.67,Empresarial,2018-12-20
392,689,9708.8,Hipotecario,2020-01-16
393,520,71216.48,Automotriz,2019-08-26
394,637,59763.86,Hipotecario,2019-11-14
395,74,62416.6,Hipotecario,2019-12-22
396,127,31059.02,Automotriz,2021-09-26
397,997,4196.95,Automotriz,2020-02-10
398,371,42520.61,Personal,2023-04-11
399,981,28006.44,Hipotecario,2016-08-02
400,333,37857.07,Empresarial,2021-06-22
401,89,17559.69,Personal,2020-06-02
402,406,96762.58,Automotriz,2017-12-20
403,212,65339.48,Automotriz,2022-02-07
404,892,40425.85,Personal,2016-06-12
405,472,69799.75,Hipotecario,2017-02-05
406,694,57843.58,Hipotecario,2015-06-25
407,777,50228.47,Automotriz,2020-02-17
408,366,65151.64,Automotriz,2022-07-03
409,882,36915.44,Automotriz,2022-01-03
410,839,80195.75,Personal,2017-06-22
411,38,91052.82,Personal,2020-07-07
412,738,69749.35,Automotriz,2020-05-25
413,295,35129.57,Automotriz,2021-04-16
414,992,9201.37,Empresarial,2015-11-27
415,948,82355.77,Personal,2017-01-02
416,212,64335.48,Automotriz,2018-06-28
417,813,79680.09,Empresarial,2017-09-03
418,726,42963.19,Automotriz,2016-02-24
419,30,25573.69,Automotriz,2022-12-03
420,921,91431.76,Empresarial,2019-09-18
421,42,95891.62,Hipotecario,2021-12-12
422,458,31795.99,Empresarial,2015-01-06
423,808,59622.19,Automotriz,2015-05-21
424,110,34994.98,Automotriz,2016-12-02
425,540,29781.4,Automotriz,2018-03-22
426,229,15676.81,Empresarial,2023-04-01
427,984,86370.78,Empresarial,2019-11-25
428,636,78251.01,Personal,2017-12-11
429,681,19244.94,Automotriz,2015-11-21
430,399,48257.06,Automotriz,2021-03-15
431,528,6008.03,Empresarial,2023-11-05
432,985,98709.79,Hipotecario,2016-01-28
433,861,7889.21,Hipotecario,2023-02-10
434,630,57269.1,Empresarial,2023-05-10
435,979,75589.63,Automotriz,2017-10-11
436,682,30152.71,Automotriz,2021-02-07
437,41,55571.47,Automotriz,2022-12-07
438,7,61255.5,Empresarial,2016-04-26
439,941,30301.68,Empresarial,2022-02-08
440,891,88863.5,Personal,2015-08-19
441,274,39665.05,Automotriz,2022-04-21
442,348,10631.36,Automotriz,2015-04-14
443,3,69146.38,Empresarial,2023-12-20
444,372,88370.64,Personal,2016-06-18
445,778,2368.32,Automotriz,2023-09-17
446,5,22798.08,Automotriz,2019-10-19
447,736,61172.57,Empresarial,2021-08-23
448,809,33960.53,Personal,2019-06-28
449,898,74683.1,Personal,2021-05-27
450,219,18721.43,Personal,2016-09-10
451,91,71023.34,Empresarial,2022-02-18
452,13,51063.38,Automotriz,2015-08-07
453,115,33247.1,Empresarial,2018-12-26
454,265,79701.14,Empresarial,2018-12-10
455,656,1978.9,Automotriz,2017-12-08
456,717,49561.39,Personal,2022-06-07
457,138,96673.23,Automotriz,2018-09-28
458,51,65891.04,Empresarial,2020-01-10
459,307,69002.48,Empresarial,2018-03-19
460,238,15748.61,Hipotecario,2021-11-10
461,387,56267.73,Automotriz,2023-05-04
462,738,86600.92,Automotriz,2021-08-27
463,782,64957.3,Hipotecario,2017-05-10
464,496,98953.84,Personal,2019-11-26
465,541,69926.73,Empresarial,2019-01-17
466,183,90994.88,Hipotecario,2019-09-10
467,640,39044.57,Automotriz,2016-04-20
468,13,37882.58,Hipotecario,2015-07-15
469,825,87465.89,Empresarial,2020-07-05
470,734,69294.6,Automotriz,2021-01-13
471,951,26867.15,Automotriz,2017-07-13
472,593,60390.37,Automotriz,2017-09-13
473,89,42481.3,Empresarial,2016-04-22
474,343,30745.9,Hipotecario,2023-03-20
475,29,27544.65,Hipotecario,2021-02-17
476,496,88223.42,Personal,2018-05-25
477,50,63563.55,Automotriz,2020-10-23
478,996,65346.51,Hipotecario,2017-09-02
479,945,11116.09,Personal,2018-05-09
480,811,19187.1,Empresarial,2016-06-12
481,218,43145.04,Hipotecario,2016-09-22
482,182,64210.44,Personal,2016-06-27
483,985,26491.71,Hipotecario,2015-04-18
484,808,87597.04,Automotriz,2023-10-22
485,616,15025.8,Hipotecario,2020-07-15
486,794,31044.45,Hipotecario,2020-02-24
487,265,80373.04,Hipotecario,2021-11-10
488,242,49141.45,Empresarial,2020-06-05
489,389,82385.56,Personal,2023-03-24
490,871,24123.28,Hipotecario,2017-09-26
491,719,17536.19,Empresarial,2021-12-05
492,87,10828.86,Automotriz,2020-08-11
493,94,48847.28,Automotriz,2015-06-26
494,5,96816.23,Empresarial,2019-07-10
495,398,2946.94,Automotriz,2018-07-27
496,139,22659.63,Empresarial,2015-11-12
497,756,97704.52,Personal,2023-06-14
498,862,44722.81,Empresarial,2018-01-02
499,172,56964.92,Personal,2016-06-11
500,618,6108.74,Automotriz,2021-01-28
501,670,90290.08,Hipotecario,2016-01-13
502,588,37962.47,Personal,2020-03-08
503,854,48441.8,Personal,2019-01-10
504,268,23440.15,Personal,2016-08-16
505,664,89924.56,Automotriz,2018-02-15
506,886,52766.58,Hipotecario,2020-08-05
507,125,30750.48,Hipotecario,2019-02-11
508,604,3217.77,Automotriz,2023-01-14
509,505,23558.55,Empresarial,2020-09-24
510,285,32467.1,Hipotecario,2023-03-19
511,49,94062.48,Automotriz,2019-06-23
512,194,26936.58,Automotriz,2015-07-26
513,175,18012.25,Automotriz,2020-12-09
514,775,74367.05,Empresarial,2015-03-06
515,568,97572.38,Empresarial,2017-12-01
516,710,4305.12,Hipotecario,2018-06-14
517,437,28501.45,Personal,2023-12-20
518,246,75536.46,Hipotecario,2023-05-19
519,99,88293.89,Empresarial,2016-09-01
520,340,39130.06,Hipotecario,2020-09-20
521,572,54048.42,Empresarial,2018-07-13
522,618,27591.84,Empresarial,2017-08-16
523,809,28635.05,Hipotecario,2020-05-04
524,519,99039.29,Hipotecario,2017-02-27
525,13,66364.37,Hipotecario,2020-10-24
526,343,50585.9,Hipotecario,2022-02-16
527,180,30492.91,Hipotecario,2015-05-20
528,841,66959.31,Automotriz,2019-04-06
529,86,62935.75,Personal,2016-02-10
530,236,62899.28,Empresarial,2015-01-06
531,520,8010.76,Automotriz,2016-10-02
532,343,6026.57,Hipotecario,2020-09-17
533,116,35085.63,Automotriz,2018-05-05
534,334,8816.66,Hipotecario,2015-09-28
535,348,48429.33,Hipotecario,2015-01-21
536,773,56165.29,Personal,2021-04-02
537,842,32297.68,Hipotecario,2023-03-26
538,362,22296.33,Hipotecario,2021-02-18
539,46,56152.91,Hipotecario,2020-05-17
540,255,46774.49,Empresarial,2017-04-01
541,741,43383.29,Hipotecario,2020-03-23
542,531,82839.21,Hipotecario,2023-07-25
543,660,53821.76,Hipotecario,2023-09-11
544,96,23927.02,Personal,2022-04-17
545,515,39106.79,Empresarial,2022-06-15
546,527,24034.45,Automotriz,2018-08-15
547,978,5343.23,Personal,2015-02-12
548,706,70299.46,Personal,2021-12-25
549,671,56713.99,Personal,2017-10-02
550,527,34576.97,Hipotecario,2022-09-21
551,504,99805.3,Personal,2019-12-18
552,689,88558.16,Personal,2019-08-19
553,1,22619.02,Automotriz,2020-10-24
554,462,99899.05,Personal,2015-04-03
555,954,84602.12,Automotriz,2023-06-07
556,608,21748.65,Empresarial,2018-03-02
557,95,92942.28,Automotriz,2021-07-13
558,830,25488.62,Personal,2020-06-08
559,949,79118.44,Empresarial,2017-08-13
560,9,77321.44,Empresarial,2018-04-02
561,759,44645.87,Empresarial,2018-05-03
562,171,52402.01,Hipotecario,2019-04-02
563,204,35607.69,Empresarial,2016-05-02
564,594,10216.99,Automotriz,2017-02-19
565,338,99643.51,Personal,2018-02-17
566,499,84323.32,Empresarial,2016-02-09
567,395,17909.28,Hipotecario,2022-10-05
568,148,59509.46,Hipotecario,2019-09-11
569,899,75189.88,Automotriz,2019-09-11
570,682,14803.15,Empresarial,2023-08-26
571,553,49838.76,Empresarial,2019-06-26
572,541,84509.07,Empresarial,2016-12-09
573,147,74074.19,Personal,2018-06-14
574,98,7160.83,Hipotecario,2017-10-22
575,286,64610.93,Hipotecario,2017-11-22
576,467,17186.77,Automotriz,2018-03-08
577,595,58328.07,Hipotecario,2016-10-27
578,817,74628.26,Empresarial,2017-11-20
579,485,71644.73,Hipotecario,2016-06-14
580,628,74119.08,Automotriz,2020-09-15
581,437,94106.52,Personal,2019-06-14
582,47,1608.3,Personal,2015-07-28
583,866,86706.48,Hipotecario,2020-05-06
584,667,13943.9,Hipotecario,2021-09-18
585,633,2818.41,Hipotecario,2022-11-02
586,733,99552.7,Automotriz,2021-12-19
587,681,5353.85,Hipotecario,2021-12-25
588,524,82199.04,Personal,2016-10-04
589,551,22761.02,Automotriz,2022-02-06
590,321,10679.3,Hipotecario,2018-06-18
591,402,31306.07,Empresarial,2023-11-18
592,123,31502.73,Personal,2021-04-09
593,46,2997.33,Hipotecario,2017-06-09
594,893,15679.9,Personal,2019-12-10
595,43,63507.55,Hipotecario,2020-04-23
596,134,67546.69,Hipotecario,2020-05-25
597,157,62047.78,Personal,2020-05-10
598,427,51056.81,Personal,2021-10-13
599,635,60900.95,Hipotecario,2023-03-13
600,640,41880.75,Hipotecario,2020-08-16
601,720,78263.38,Personal,2017-09-23
602,279,66986.44,Personal,2017-07-16
603,386,93426.45,Empresarial,2018-11-23
604,580,36185.1,Automotriz,2020-12-12
605,951,15784.82,Hipotecario,2017-09-11
606,481,48690.24,Personal,2023-02-27
607,383,82139.68,Automotriz,2023-11-03
608,3,47668.09,Hipotecario,2023-06-08
609,447,72064.86,Automotriz,2017-12-10
610,420,5404.21,Personal,2017-09-14
611,204,64289.04,Personal,2018-10-01
612,31,29094.93,Hipotecario,2018-05-04
613,414,10496.38,Personal,2019-04-26
614,806,96289.96,Hipotecario,2017-08-12
615,715,2981.96,Hipotecario,2022-06-01
616,183,32290.84,Automotriz,2018-08-11
617,517,43317.18,Hipotecario,2018-06-05
618,170,55455.31,Empresarial,2015-01-16
619,109,74813.83,Automotriz,2023-11-20
620,485,1119.1,Hipotecario,2019-03-20
621,262,59277.32,Hipotecario,2021-02-13
622,327,43887.72,Empresarial,2017-12-15
623,100,71048.75,Personal,2021-05-10
624,142,21711.68,Hipotecario,2015-10-26
625,950,11355.13,Hipotecario,2020-10-01
626,193,1378.53,Personal,2018-08-24
627,547,57151.8,Empresarial,2020-02-06
628,380,37610.47,Hipotecario,2020-11-23
629,127,55312.1,Personal,2017-11-10
630,398,24348.1,Personal,2019-12-23
631,319,71230.33,Personal,2021-10-07
632,22,20022.26,Empresarial,2018-01-20
633,811,45158.08,Hipotecario,2016-10-13
634,293,54103.17,Automotriz,2020-05-15
635,836,16033.27,Automotriz,2021-05-27
636,245,78533.81,Automotriz,2022-09-25
637,2,7455.8,Personal,2023-12-10
638,751,48974.97,Automotriz,2019-04-13
639,974,59458.1,Personal,2015-09-27
640,686,54562.74,Hipotecario,2020-10-21
641,175,12005.36,Personal,2017-12-19
642,855,53492.93,Automotriz,2017-09-15
643,224,3017.46,Automotriz,2017-09-15
644,816,75998.08,Empresarial,2019-07-04
645,507,46376.66,Hipotecario,2016-01-18
646,743,19098.44,Automotriz,2018-07-12
647,538,75055.99,Hipotecario,2018-09-17
648,855,76819.26,Automotriz,2015-04-17
649,411,35215.4,Hipotecario,2021-10-11
650,775,29945.05,Hipotecario,2021-11-01
651,53,11883.78,Hipotecario,2022-07-27
652,406,71512.26,Empresarial,2015-01-14
653,87,60414.21,Hipotecario,2018-12-15
654,279,29034.03,Empresarial,2020-02-21
655,827,56292.68,Hipotecario,2019-05-02
656,240,62135.33,Empresarial,2020-06-10
657,288,79119.22,Automotriz,2018-12-01
658,131,76848.33,Personal,2022-01-04
659,283,39420.54,Empresarial,2022-05-23
660,810,92763.94,Personal,2023-10-18
661,626,52671.02,Personal,2022-07-27
662,253,65466.74,Empresarial,2018-01-12
663,8,80322.82,Personal,2015-11-11
664,608,17404.66,Hipotecario,2015-10-15
665,468,98134.39,Automotriz,2020-04-03
666,599,52623.98,Personal,2019-11-25
667,133,50065.7,Personal,2017-06-24
668,451,39235.49,Hipotecario,2019-09-24
669,623,52083.37,Automotriz,2016-11-11
670,739,90973.97,Empresarial,2020-08-13
671,593,79687.06,Automotriz,2017-01-24
672,24,37455.05,Hipotecario,2023-08-03
673,163,31218.24,Hipotecario,2022-06-02
674,437,66618.01,Empresarial,2016-01-13
675,603,5664.43,Empresarial,2016-11-08
676,693,72722.64,Automotriz,2021-10-06
677,696,11012.74,Empresarial,2022-07-23
678,532,5311.13,Personal,2017-01-23
679,507,91609.35,Hipotecario,2015-07-17
680,872,62598.59,Empresarial,2015-09-22
681,194,73224.25,Empresarial,2021-06-10
682,268,43021.94,Empresarial,2021-07-06
683,654,13521.57,Personal,2021-09-19
684,176,29011.03,Automotriz,2019-07-26
685,69,87769.66,Empresarial,2017-01-05
686,355,27131.98,Automotriz,2021-05-26
687,271,47770.55,Personal,2018-09-25
688,362,79716.04,Automotriz,2022-11-17
689,563,99339.6,Empresarial,2023-03-02
690,91,56487.29,Hipotecario,2015-11-17
691,812,20827.47,Hipotecario,2021-10-03
692,947,91465.65,Personal,2015-04-14
693,251,80411.37,Personal,2016-03-03
694,636,45549.7,Personal,2023-10-11
695,225,79956.04,Personal,2015-07-17
696,636,40701.69,Automotriz,2015-11-10
697,917,16474.51,Personal,2015-11-19
698,822,28420.42,Empresarial,2015-03-26
699,156,45624.58,Automotriz,2018-09-11
700,810,65008.58,Personal,2019-04-09
701,912,81324.66,Personal,2019-02-07
702,417,26596.78,Personal,2023-12-01
703,525,85751.4,Hipotecario,2017-11-26
704,548,99233.0,Automotriz,2019-03-22
705,454,44242.56,Automotriz,2019-09-11
706,749,52593.71,Automotriz,2021-07-28
707,542,38914.78,Automotriz,2017-01-01
708,368,26958.39,Empresarial,2019-03-09
709,100,48410.96,Personal,2015-02-15
710,674,46994.49,Empresarial,2015-11-19
711,86,80087.86,Personal,2015-01-10
712,65,42884.64,Automotriz,2015-06-26
713,567,66625.72,Hipotecario,2021-01-17
714,770,98435.51,Personal,2018-02-18
715,379,78254.14,Automotriz,2020-04-02
716,140,12117.16,Hipotecario,2017-11-27
717,423,65017.35,Automotriz,2021-11-01
718,35,98913.21,Personal,2018-09-14
719,984,54523.21,Personal,2021-11-04
720,11,92819.29,Automotriz,2022-02-19
721,881,6433.95,Automotriz,2019-12-20
722,574,91185.24,Personal,2017-06-05
723,850,43871.58,Automotriz,2017-03-09
724,498,54872.08,Empresarial,2022-09-06
725,947,9576.97,Empresarial,2022-01-19
726,360,13577.31,Empresarial,2022-10-20
727,557,65797.81,Empresarial,2017-09-05
728,920,33498.87,Automotriz,2021-06-19
729,97,47406.62,Empresarial,2019-11-25
730,732,21900.89,Hipotecario,2017-09-06
731,999,85416.31,Personal,2021-04-16
732,851,79206.55,Personal,2017-12-17
733,900,54847.23,Empresarial,2019-06-26
734,66,98672.64,Hipotecario,2019-03-22
735,384,93167.66,Empresarial,2021-11-05
736,433,7426.44,Personal,2020-08-08
737,382,84375.54,Personal,2017-10-15
738,333,89344.8,Automotriz,2021-09-13
739,353,33093.05,Automotriz,2017-05-22
740,291,67572.04,Hipotecario,2017-03-08
741,604,19985.07,Hipotecario,2018-04-06
742,617,68025.47,Empresarial,2016-09-27
743,24,44205.0,Empresarial,2020-09-14
744,784,21062.96,Empresarial,2023-11-06
745,128,18181.29,Personal,2016-08-05
746,688,91932.76,Automotriz,2023-10-19
747,260,48473.44,Automotriz,2015-05-08
748,212,30816.89,Empresarial,2018-08-04
749,703,57283.3,Empresarial,2015-06-10
750,453,85506.22,Personal,2023-06-09
751,304,56540.24,Personal,2019-12-22
752,609,52561.98,Empresarial,2016-01-11
753,376,25529.04,Empresarial,2018-02-02
754,141,8410.41,Hipotecario,2016-02-04
755,194,19773.6,Personal,2020-10-17
756,635,53532.34,Empresarial,2018-02-15
757,563,58235.59,Hipotecario,2018-10-01
758,951,9174.34,Personal,2017-06-16
759,980,91991.93,Hipotecario,2019-07-12
760,94,95673.75,Personal,2023-05-07
761,809,50174.91,Personal,2023-08-10
762,183,18053.89,Personal,2022-10-03
763,40,49290.22,Automotriz,2021-08-02
764,355,2055.41,Hipotecario,2018-06-09
765,56,92310.01,Personal,2022-01-14
766,648,35878.8,Automotriz,2016-11-10
767,587,72274.62,Automotriz,2021-02-19
768,270,57763.08,Automotriz,2018-06-01
769,217,44577.7,Personal,2018-01-01
770,222,58222.68,Automotriz,2019-05-28
771,760,40875.44,Empresarial,2022-09-26
772,926,88632.82,Automotriz,2020-02-14
773,669,68396.15,Hipotecario,2022-06-24
774,192,70206.82,Automotriz,2022-08-17
775,415,12567.4,Automotriz,2023-04-17
776,525,25523.71,Hipotecario,2019-07-14
777,904,93975.63,Automotriz,2022-02-12
778,942,27543.7,Personal,2018-02-05
779,794,8942.94,Personal,2019-07-25
780,303,43383.83,Empresarial,2016-07-05
781,603,91473.2,Hipotecario,2021-06-14
782,896,65338.21,Automotriz,2016-02-28
783,626,20657.71,Empresarial,2016-11-05
784,36,10307.01,Empresarial,2018-04-11
785,907,25391.15,Empresarial,2018-05-14
786,209,60724.89,Empresarial,2020-02-12
787,618,45576.34,Personal,2017-06-05
788,334,39634.27,Empresarial,2020-06-10
789,12,56400.35,Personal,2019-08-07
790,271,48640.41,Automotriz,2018-06-20
791,108,71471.1,Empresarial,2015-12-06
792,966,49516.98,Automotriz,2018-04-23
793,865,33370.48,Empresarial,2022-05-27
794,590,52324.77,Personal,2017-05-04
795,974,81908.73,Personal,2015-11-01
796,272,17944.96,Personal,2021-03-02
797,103,31013.36,Empresarial,2022-02-19
798,922,33380.58,Empresarial,2020-12-28
799,901,23644.62,Automotriz,2019-11-10
800,925,17957.14,Automotriz,2017-03-28
801,698,39930.27,Automotriz,2016-08-22
802,855,5359.97,Automotriz,2016-12-26
803,401,76111.34,Empresarial,2017-01-13
804,704,98764.12,Personal,2020-05-02
805,488,30683.61,Automotriz,2020-12-22
806,947,8632.52,Empresarial,2023-07-07
807,388,66725.98,Hipotecario,2018-02-06
808,881,97630.94,Automotriz,2021-04-27
809,378,98575.67,Automotriz,2019-10-25
810,947,50724.44,Automotriz,2023-04-14
811,478,82805.21,Personal,2022-06-13
812,437,33082.1,Empresarial,2017-07-07
813,39,15777.32,Hipotecario,2017-01-27
814,845,4517.7,Hipotecario,2022-05-01
815,188,14488.47,Empresarial,2021-02-20
816,193,91635.93,Personal,2018-11-13
817,963,41635.48,Personal,2020-02-04
818,321,9998.23,Empresarial,2021-10-11
819,35,36082.99,Personal,2022-11-04
820,73,45078.8,Personal,2022-02-17
821,977,80622.44,Empresarial,2022-12-04
822,908,74228.25,Personal,2016-03-28
823,347,20433.94,Empresarial,2018-05-02
824,994,97125.21,Hipotecario,2021-02-01
825,758,74225.11,Empresarial,2019-03-11
826,43,56783.84,Hipotecario,2022-05-14
827,381,88774.43,Automotriz,2015-08-04
828,166,77574.81,Personal,2018-08-23
829,253,42588.41,Automotriz,2022-09-13
830,631,23974.67,Personal,2021-05-20
831,199,6172.69,Hipotecario,2020-12-14
832,711,39371.72,Empresarial,2022-07-09
833,998,99755.05,Automotriz,2017-07-08
834,8,4201.68,Hipotecario,2022-09-13
835,589,60980.72,Personal,2017-10-14
836,1000,70238.8,Empresarial,2021-05-19
837,300,44345.82,Hipotecario,2016-06-07
838,794,29992.05,Hipotecario,2023-02-11
839,989,56849.19,Automotriz,2016-09-15
840,528,17080.17,Automotriz,2016-01-17
841,307,54117.13,Personal,2019-01-26
842,323,89719.8,Automotriz,2022-12-15
843,50,51327.19,Personal,2021-01-07
844,712,88423.44,Personal,2016-11-28
845,483,64455.36,Hipotecario,2015-07-13
846,763,92191.92,Automotriz,2022-08-05
847,944,33711.99,Automotriz,2022-07-02
848,475,11111.47,Hipotecario,2021-09-04
849,392,88112.53,Hipotecario,2020-09-17
850,335,32559.2,Hipotecario,2019-01-02
851,299,87548.78,Empresarial,2018-12-10
852,293,47856.09,Hipotecario,2019-12-26
853,665,39712.33,Automotriz,2018-09-24
854,354,55821.59,Automotriz,2017-03-09
855,793,51638.11,Empresarial,2021-09-18
856,545,36536.28,Automotriz,2016-11-15
857,390,76907.82,Empresarial,2023-02-21
858,27,54429.57,Automotriz,2020-11-08
859,106,22283.33,Hipotecario,2016-01-14
860,404,25682.27,Automotriz,2019-04-21
861,396,55843.36,Automotriz,2016-11-09
862,226,42245.31,Automotriz,2016-09-22
863,665,57388.75,Empresarial,2023-06-07
864,470,83650.89,Automotriz,2019-08-18
865,834,24152.69,Hipotecario,2016-05-23
866,255,5030.2,Hipotecario,2018-02-22
867,495,22371.17,Personal,2021-10-12
868,469,84880.01,Empresarial,2018-06-21
869,250,86298.89,Personal,2016-03-15
870,935,86827.29,Personal,2019-06-20
871,653,63767.97,Empresarial,2020-03-03
872,311,39441.64,Automotriz,2021-06-23
873,553,78405.31,Hipotecario,2018-08-21
874,30,49040.21,Hipotecario,2020-08-03
875,405,93212.99,Empresarial,2019-02-11
876,252,81179.22,Empresarial,2020-11-06
877,692,23983.25,Personal,2018-02-01
878,223,90864.08,Empresarial,2023-11-09
879,329,61137.55,Hipotecario,2023-12-16
880,125,24274.73,Personal,2016-02-05
881,942,83217.11,Hipotecario,2020-09-03
882,562,54903.4,Hipotecario,2020-05-15
883,999,25775.92,Automotriz,2016-04-16
884,947,95996.14,Automotriz,2016-04-18
885,145,87102.44,Automotriz,2022-07-04
886,611,16882.38,Hipotecario,2020-06-09
887,493,22878.81,Personal,2015-05-01
888,115,83121.79,Personal,2022-10-06
889,677,90721.25,Empresarial,2019-06-08
890,928,29479.65,Empresarial,2018-06-06
891,409,48087.97,Hipotecario,2020-10-03
892,573,28298.43,Hipotecario,2019-02-13
893,936,59229.15,Automotriz,2017-08-19
894,840,54822.0,Automotriz,2022-06-14
895,559,41034.37,Empresarial,2023-11-01
896,126,26799.92,Automotriz,2019-01-06
897,322,71890.45,Personal,2015-11-22
898,999,34304.66,Personal,2023-09-01
899,95,31601.62,Hipotecario,2018-08-09
900,959,24938.88,Empresarial,2015-03-15
901,363,36801.0,Empresarial,2020-02-03
902,803,84662.54,Empresarial,2021-03-15
903,544,46345.54,Empresarial,2019-06-23
904,861,2397.18,Automotriz,2023-01-01
905,756,25069.42,Automotriz,2016-06-03
906,537,6244.53,Empresarial,2019-08-11
907,828,69047.8,Personal,2019-08-10
908,848,7604.04,Hipotecario,2022-08-07
909,66,74316.72,Personal,2020-03-15
910,489,12041.73,Empresarial,2023-01-23
911,424,26797.55,Empresarial,2020-08-01
912,607,86112.45,Empresarial,2015-06-12
913,641,64476.16,Automotriz,2022-10-17
914,336,41850.38,Empresarial,2018-06-25
915,171,68034.98,Automotriz,2020-03-20
916,721,80027.85,Empresarial,2018-03-12
917,73,95305.63,Personal,2019-06-10
918,600,71467.12,Personal,2015-04-20
919,679,87727.08,Hipotecario,2022-02-01
920,190,88811.44,Empresarial,2022-09-11
921,121,87476.28,Automotriz,2020-06-18
922,174,95108.83,Hipotecario,2015-02-16
923,991,54916.92,Hipotecario,2022-03-18
924,272,19405.59,Personal,2015-12-17
925,431,7448.09,Empresarial,2022-07-11
926,116,9797.47,Personal,2016-09-08
927,65,87509.03,Empresarial,2022-07-07
928,9,80712.16,Personal,2018-03-08
929,999,65148.09,Personal,2022-12-21
930,859,26703.25,Personal,2019-05-22
931,82,69394.42,Automotriz,2023-04-13
932,263,71405.7,Hipotecario,2021-04-13
933,38,61198.12,Automotriz,2022-11-02
934,917,20913.43,Personal,2015-12-27
935,53,23827.15,Automotriz,2023-04-03
936,756,27013.79,Personal,2019-03-13
937,352,33658.49,Empresarial,2015-12-19
938,992,92859.67,Personal,2017-06-26
939,842,60758.9,Empresarial,2020-07-07
940,716,39757.29,Empresarial,2021-12-01
941,854,24901.02,Personal,2017-04-02
942,914,86007.12,Personal,2023-02-02
943,98,76627.9,Empresarial,2022-12-21
944,915,76350.58,Automotriz,2021-03-17
945,350,1921.16,Automotriz,2017-12-25
946,250,27256.45,Automotriz,2018-01-17
947,379,3908.39,Personal,2017-11-18
948,742,32135.02,Automotriz,2017-04-09
949,572,45686.68,Personal,2023-02-07
950,87,62151.01,Automotriz,2016-07-15
951,124,95637.77,Personal,2019-11-28
952,444,74862.69,Personal,2022-09-21
953,239,1144.0,Hipotecario,2019-10-11
954,840,67598.01,Personal,2018-12-02
955,749,34530.15,Automotriz,2021-06-12
956,380,61074.91,Personal,2018-06-04
957,185,68479.05,Personal,2023-08-23
958,721,39841.76,Personal,2022-04-11
959,833,94824.59,Automotriz,2017-06-17
960,255,42366.18,Empresarial,2019-10-06
961,750,76278.44,Automotriz,2020-02-20
962,962,84420.79,Empresarial,2015-11-02
963,247,58491.56,Personal,2020-10-19
964,314,60464.21,Hipotecario,2016-04-06
965,528,48399.93,Empresarial,2016-03-06
966,581,41577.67,Hipotecario,2019-08-04
967,950,14020.66,Hipotecario,2023-10-08
968,218,43784.93,Hipotecario,2022-01-17
969,208,58749.23,Empresarial,2022-05-24
970,880,37797.25,Automotriz,2022-08-18
971,142,56600.22,Personal,2017-10-08
972,50,20237.89,Hipotecario,2020-09-11
973,835,71724.85,Personal,2018-03-12
974,710,70817.95,Hipotecario,2019-12-15
975,816,5610.02,Hipotecario,2015-08-09
976,46,26738.69,Hipotecario,2021-01-10
977,188,61459.01,Empresarial,2022-02-04
978,462,13585.35,Empresarial,2015-07-15
979,525,42179.15,Empresarial,2019-05-22
980,298,33979.54,Hipotecario,2022-06-18
981,570,39325.48,Personal,2018-02-04
982,11,32190.54,Automotriz,2023-05-26
983,608,71901.73,Personal,2020-07-18
984,714,58858.91,Empresarial,2017-03-26
985,974,97836.41,Personal,2016-05-02
986,152,52636.13,Automotriz,2021-10-08
987,774,69127.53,Hipotecario,2021-06-13
988,447,5639.7,Hipotecario,2020-02-11
989,362,31138.44,Empresarial,2020-02-10
990,516,40575.9,Personal,2015-07-06
991,797,74538.13,Empresarial,2023-03-25
992,285,65830.78,Hipotecario,2019-07-05
993,600,35034.9,Empresarial,2022-08-05
994,397,98250.2,Empresarial,2021-04-16
995,683,8567.36,Empresarial,2023-01-23
996,1,62824.41,Empresarial,2020-10-09
997,728,90759.0,Empresarial,2020-01-27
998,699,93451.95,Empresarial,2019-06-26
999,231,30218.88,Automotriz,2020-03-08
1000,238,3955.1,Hipotecario,2023-03-11
1001,197,89600.86,Personal,2018-07-02
1002,171,62852.49,Personal,2015-09-20
1003,366,45054.53,Hipotecario,2021-05-26
1004,694,40116.6,Empresarial,2017-03-28
1005,188,12510.02,Hipotecario,2016-09-25
1006,962,25465.83,Automotriz,2022-11-10
1007,930,78885.19,Automotriz,2023-01-03
1008,20,41086.92,Empresarial,2022-04-18
1009,364,94723.1,Hipotecario,2016-08-08
1010,789,69818.69,Automotriz,2022-05-16
1011,454,10419.35,Automotriz,2022-12-05
1012,982,92886.86,Personal,2020-07-24
1013,73,25858.85,Automotriz,2018-03-19
1014,558,85377.1,Automotriz,2023-04-07
1015,631,36089.58,Personal,2015-07-13
1016,474,69258.58,Automotriz,2018-01-05
1017,780,60099.3,Personal,2017-10-05
1018,525,89733.84,Hipotecario,2015-05-04
1019,644,99748.42,Automotriz,2020-02-20
1020,902,32397.95,Automotriz,2018-06-08
1021,106,88179.03,Personal,2018-09-22
1022,836,79330.6,Hipotecario,2017-03-07
1023,295,28320.48,Empresarial,2018-02-05
1024,411,81720.46,Empresarial,2018-06-01
1025,872,6267.75,Personal,2015-05-23
1026,213,27351.41,Automotriz,2020-06-11
1027,220,16257.43,Automotriz,2021-07-27
1028,915,52081.46,Automotriz,2018-09-23
1029,945,56365.75,Empresarial,2023-12-14
1030,630,15699.94,Automotriz,2020-05-12
1031,466,76280.68,Empresarial,2022-05-26
1032,67,22253.6,Personal,2023-08-22
1033,490,42525.34,Personal,2018-01-09
1034,620,91304.17,Empresarial,2019-05-01
1035,179,38640.48,Automotriz,2020-09-26
1036,101,49557.67,Personal,2022-08-13
1037,547,7561.24,Empresarial,2017-01-13
1038,729,45049.27,Empresarial,2015-10-08
1039,349,60646.66,Empresarial,2023-10-20
1040,840,62457.09,Personal,2022-02-23
1041,95,54029.41,Hipotecario,2023-09-28
1042,354,20135.86,Automotriz,2019-03-25
1043,986,42138.01,Personal,2023-06-11
1044,351,47905.9,Hipotecario,2018-07-18
1045,614,84755.74,Personal,2022-03-15
1046,38,76907.36,Automotriz,2016-03-03
1047,875,72888.66,Hipotecario,2019-05-15
1048,676,9265.57,Empresarial,2023-06-27
1049,145,76642.65,Automotriz,2022-05-08
1050,625,74617.49,Hipotecario,2020-11-19
1051,142,34024.67,Automotriz,2017-08-19
1052,657,51013.06,Empresarial,2016-04-05
1053,979,98452.91,Hipotecario,2015-02-21
1054,315,37499.25,Personal,2016-05-02
1055,118,52074.85,Empresarial,2015-12-22
1056,360,47648.41,Personal,2015-09-20
1057,468,80098.15,Automotriz,2015-08-27
1058,608,15737.72,Personal,2015-02-13
1059,138,72549.95,Hipotecario,2020-01-03
1060,598,31588.09,Hipotecario,2016-02-15
1061,618,18418.61,Hipotecario,2019-09-06
1062,923,72032.91,Automotriz,2022-10-12
1063,393,99289.7,Automotriz,2016-09-06
1064,91,43868.44,Empresarial,2018-04-19
1065,323,27591.52,Empresarial,2020-12-18
1066,903,17532.68,Automotriz,2017-09-24
1067,426,11655.29,Empresarial,2017-02-10
1068,108,75800.63,Hipotecario,2020-09-21
1069,61,91505.17,Personal,2021-11-24
1070,236,87572.99,Automotriz,2021-01-26
1071,695,62219.84,Empresarial,2018-07-13
1072,17,68424.78,Automotriz,2020-03-12
1073,295,99314.78,Automotriz,2020-09-09
1074,56,48272.52,Empresarial,2021-05-03
1075,921,22960.89,Automotriz,2016-03-13
1076,511,19671.9,Hipotecario,2018-10-19
1077,563,69967.13,Automotriz,2017-08-11
1078,365,32216.96,Empresarial,2020-11-15
1079,822,26053.51,Hipotecario,2020-02-22
1080,303,14791.56,Hipotecario,2015-10-02
1081,623,48950.93,Empresarial,2017-01-24
1082,197,31343.53,Automotriz,2017-05-17
1083,964,69257.62,Empresarial,2023-08-10
1084,557,24908.34,Automotriz,2017-09-22
1085,74,62731.15,Personal,2019-10-14
1086,781,57942.49,Personal,2020-12-05
1087,843,45658.84,Automotriz,2022-02-04
1088,768,26130.46,Automotriz,2023-12-28
1089,160,87928.29,Empresarial,2020-03-21
1090,293,69654.42,Hipotecario,2023-01-27
1091,178,99829.82,Personal,2023-11-12
1092,56,12833.75,Empresarial,2023-06-26
1093,327,17483.27,Personal,2019-02-23
1094,991,34910.33,Automotriz,2019-10-23
1095,270,5938.67,Hipotecario,2022-05-13
1096,299,29833.16,Personal,2018-06-19
1097,80,20556.88,Personal,2022-01-11
1098,108,12242.45,Automotriz,2022-08-01
1099,261,16969.61,Automotriz,2020-10-14
1100,925,61267.91,Hipotecario,2016-01-18
1101,350,19380.38,Automotriz,2017-03-22
1102,750,10795.13,Automotriz,2015-07-25
1103,767,62542.07,Hipotecario,2018-10-17
1104,129,39205.71,Hipotecario,2019-02-27
1105,847,28673.5,Empresarial,2015-02-17
1106,752,75025.97,Personal,2021-09-06
1107,106,66669.47,Automotriz,2017-01-09
1108,26,87123.36,Hipotecario,2018-02-25
1109,855,84413.11,Personal,2019-08-14
1110,120,32950.27,Personal,2020-02-27
1111,885,72210.22,Empresarial,2015-12-04
1112,240,20383.61,Empresarial,2019-05-15
1113,576,7909.62,Hipotecario,2016-03-11
1114,335,91112.68,Empresarial,2019-07-11
1115,567,13202.41,Personal,2022-06-26
1116,545,41983.08,Empresarial,2023-03-14
1117,435,32389.4,Empresarial,2021-06-26
1118,788,75904.15,Hipotecario,2020-10-11
1119,515,55853.63,Automotriz,2017-12-23
1120,205,92244.97,Personal,2021-10-26
1121,532,76564.61,Automotriz,2015-04-14
1122,495,80851.27,Empresarial,2017-09-03
1123,192,73606.45,Automotriz,2017-11-21
1124,434,26450.89,Personal,2018-12-02
1125,646,54662.37,Personal,2021-09-15
1126,70,6052.74,Empresarial,2016-03-13
1127,675,34078.62,Hipotecario,2016-01-14
1128,357,93239.19,Personal,2016-04-14
1129,779,18436.06,Personal,2016-09-02
1130,398,4320.05,Hipotecario,2015-06-10
1131,433,18470.69,Hipotecario,2016-06-14
1132,176,57152.18,Hipotecario,2018-09-10
1133,627,19228.97,Hipotecario,2023-02-22
1134,375,55785.76,Empresarial,2021-02-10
1135,702,21639.81,Hipotecario,2015-11-22
1136,443,30312.0,Hipotecario,2016-05-23
1137,572,71937.13,Automotriz,2015-05-13
1138,243,78439.16,Hipotecario,2015-12-16
1139,332,37729.94,Hipotecario,2020-07-06
1140,340,8738.64,Personal,2022-01-02
1141,650,24806.65,Automotriz,2018-08-01
1142,628,15684.39,Personal,2023-09-12
1143,618,8332.47,Personal,2017-06-14
1144,638,69626.79,Automotriz,2022-12-02
1145,20,62685.85,Empresarial,2020-09-17
1146,479,41294.74,Empresarial,2016-05-17
1147,503,83577.52,Hipotecario,2016-12-18
1148,280,77515.74,Automotriz,2018-03-06
1149,224,64402.01,Personal,2018-09-23
1150,785,8633.03,Empresarial,2015-07-09
1151,467,49119.03,Personal,2018-12-08
1152,134,81948.75,Automotriz,2019-05-20
1153,526,86296.57,Personal,2022-05-10
1154,678,62625.11,Hipotecario,2022-02-12
1155,681,39288.15,Automotriz,2020-12-07
1156,680,44673.9,Automotriz,2020-07-16
1157,593,42727.66,Hipotecario,2023-08-25
1158,489,47924.5,Hipotecario,2018-12-07
1159,409,41340.83,Personal,2022-07-18
1160,777,45794.54,Automotriz,2022-08-10
1161,458,76993.4,Hipotecario,2018-09-12
1162,606,66263.53,Hipotecario,2021-11-21
1163,405,10634.55,Personal,2015-10-23
1164,936,14057.62,Empresarial,2018-10-18
1165,288,27963.32,Automotriz,2017-02-21
1166,644,35725.35,Hipotecario,2021-10-07
1167,547,71597.58,Empresarial,2020-06-10
1168,492,62992.3,Personal,2019-06-05
1169,735,40291.35,Automotriz,2017-08-17
1170,905,94485.04,Automotriz,2017-05-24
1171,445,59256.21,Personal,2023-05-28
1172,7,40593.67,Hipotecario,2021-10-24
1173,449,28808.86,Hipotecario,2019-06-24
1174,433,65125.29,Empresarial,2019-02-01
1175,456,90780.06,Automotriz,2021-08-03
1176,460,9928.48,Empresarial,2018-11-07
1177,104,93791.32,Automotriz,2023-02-05
1178,570,57827.86,Automotriz,2022-09-09
1179,877,13740.55,Automotriz,2020-08-22
1180,507,49427.69,Personal,2017-03-20
1181,235,15437.89,Automotriz,2021-08-10
1182,450,31130.66,Hipotecario,2023-09-09
1183,940,49525.47,Personal,2019-04-04
1184,934,82788.57,Hipotecario,2022-06-20
1185,488,18699.04,Hipotecario,2016-02-28
1186,58,71408.6,Automotriz,2017-10-18
1187,687,64636.0,Personal,2022-05-06
1188,306,43171.46,Hipotecario,2022-04-06
1189,931,72263.32,Empresarial,2022-06-09
1190,46,43752.57,Personal,2022-12-20
1191,866,8194.67,Hipotecario,2019-02-27
1192,821,88630.27,Empresarial,2018-08-24
1193,75,3861.14,Empresarial,2023-05-11
1194,553,64693.1,Hipotecario,2023-03-22
1195,770,52903.29,Automotriz,2022-07-12
1196,651,31687.21,Empresarial,2021-09-04
1197,227,29632.8,Personal,2019-02-21
1198,477,64249.89,Empresarial,2016-11-03
1199,160,63375.38,Empresarial,2021-09-10
1200,470,43198.53,Empresarial,2016-05-03
1201,845,76780.07,Hipotecario,2021-03-15
1202,782,5976.55,Empresarial,2017-05-11
1203,706,34863.05,Empresarial,2021-06-19
1204,974,84081.26,Automotriz,2016-07-02
1205,685,86548.29,Hipotecario,2017-07-11
1206,664,81793.37,Empresarial,2019-10-20
1207,286,54192.47,Automotriz,2019-05-12
1208,931,22258.24,Hipotecario,2022-12-26
1209,904,95967.95,Hipotecario,2016-02-24
1210,216,47706.06,Personal,2018-04-18
1211,92,40039.72,Automotriz,2017-03-01
1212,180,49461.88,Automotriz,2019-10-14
1213,324,52104.88,Empresarial,2017-11-16
1214,791,36557.2,Personal,2019-01-23
1215,71,23328.32,Automotriz,2018-02-08
1216,34,21155.22,Hipotecario,2019-05-15
1217,557,6409.16,Hipotecario,2015-01-01
1218,314,91041.1,Empresarial,2021-06-16
1219,304,81260.55,Automotriz,2017-01-16
1220,615,64500.1,Personal,2015-12-09
1221,179,21410.67,Personal,2021-08-07
1222,569,52088.13,Empresarial,2020-10-12
1223,454,19796.97,Empresarial,2020-01-10
1224,715,37351.13,Empresarial,2015-02-04
1225,468,1035.2,Automotriz,2015-09-17
1226,543,17849.56,Automotriz,2015-07-06
1227,816,67415.1,Empresarial,2016-04-12
1228,918,23717.5,Empresarial,2021-12-07
1229,956,88823.53,Hipotecario,2022-03-16
1230,845,39835.58,Hipotecario,2016-06-21
1231,758,2156.65,Hipotecario,2023-08-04
1232,423,67445.33,Hipotecario,2017-05-27
1233,967,38890.06,Personal,2018-07-25
1234,653,70437.11,Empresarial,2018-05-05
1235,156,6005.34,Empresarial,2015-06-25
1236,835,8907.67,Personal,2020-07-08
1237,309,63183.97,Empresarial,2020-10-26
1238,704,49231.32,Empresarial,2021-10-05
1239,439,64522.4,Automotriz,2022-01-18
1240,217,10781.72,Hipotecario,2018-12-05
1241,373,68241.83,Personal,2018-09-26
1242,473,24413.26,Automotriz,2022-02-24
1243,478,40696.22,Personal,2017-08-02
1244,168,68863.99,Personal,2019-02-18
1245,261,66540.77,Hipotecario,2015-08-06
1246,244,94724.27,Automotriz,2018-08-26
1247,974,74080.04,Automotriz,2015-11-23
1248,211,51490.04,Empresarial,2020-06-25
1249,22,8151.28,Empresarial,2022-03-23
1250,379,2995.62,Empresarial,2016-03-11
1251,418,47814.04,Personal,2015-07-08
1252,969,39927.26,Empresarial,2022-06-23
1253,239,50137.29,Automotriz,2023-12-08
1254,419,12047.18,Automotriz,2017-10-28
1255,95,47866.61,Automotriz,2018-01-07
1256,322,34519.16,Hipotecario,2021-09-16
1257,35,26429.54,Hipotecario,2018-08-01
1258,919,3491.18,Personal,2019-02-28
1259,628,45568.99,Personal,2020-04-11
1260,969,5172.48,Personal,2017-12-07
1261,413,17606.45,Automotriz,2018-06-23
1262,442,20898.14,Hipotecario,2015-04-16
1263,282,11334.9,Personal,2022-11-21
1264,793,54773.63,Automotriz,2016-07-20
1265,444,35363.06,Empresarial,2019-02-04
1266,388,36908.45,Hipotecario,2023-10-27
1267,97,36397.52,Empresarial,2020-09-15
1268,349,66539.6,Automotriz,2019-09-24
1269,808,95041.15,Personal,2020-09-27
1270,14,31341.07,Automotriz,2022-07-04
1271,169,11899.47,Personal,2018-03-16
1272,158,1688.96,Automotriz,2016-11-21
1273,728,31479.09,Personal,2021-06-17
1274,966,78197.83,Automotriz,2018-12-21
1275,935,52695.96,Personal,2018-02-27
1276,399,1614.87,Personal,2018-02-22
1277,178,71191.56,Personal,2018-12-06
1278,353,34597.88,Empresarial,2019-06-20
1279,456,14671.65,Empresarial,2016-11-10
1280,953,46355.96,Empresarial,2019-02-22
1281,245,69093.84,Hipotecario,2016-10-26
1282,413,99831.53,Hipotecario,2022-10-08
1283,26,95944.12,Hipotecario,2015-06-11
1284,871,95916.75,Empresarial,2018-02-05
1285,868,78631.26,Personal,2018-12-12
1286,647,15828.99,Empresarial,2017-12-26
1287,916,11497.74,Empresarial,2022-06-23
1288,508,16687.06,Automotriz,2018-04-03
1289,863,66529.65,Personal,2018-05-04
1290,591,45969.77,Empresarial,2019-05-06
1291,611,80811.66,Automotriz,2019-06-11
1292,41,77109.02,Personal,2016-12-28
1293,673,98826.69,Empresarial,2015-10-17
1294,749,31906.92,Personal,2015-08-10
1295,930,3722.61,Hipotecario,2015-05-08
1296,472,46382.13,Empresarial,2018-03-19
1297,386,55596.81,Empresarial,2020-11-12
1298,893,62017.71,Personal,2018-12-07
1299,793,62913.1,Automotriz,2017-01-09
1300,442,54732.2,Hipotecario,2023-09-05
1301,970,11564.92,Personal,2019-10-21
1302,78,32095.08,Empresarial,2018-03-04
1303,304,70245.48,Personal,2016-08-24
1304,310,19508.14,Empresarial,2022-04-15
1305,639,43812.29,Personal,2021-12-28
1306,828,40347.33,Hipotecario,2020-05-15
1307,336,17418.35,Empresarial,2023-03-16
1308,266,1561.83,Automotriz,2017-08-16
1309,41,3272.23,Empresarial,2019-12-26
1310,718,40923.59,Personal,2021-08-20
1311,89,78063.52,Hipotecario,2020-12-07
1312,80,6105.16,Empresarial,2019-11-19
1313,587,10826.81,Hipotecario,2016-03-22
1314,148,28039.18,Empresarial,2023-03-17
1315,216,69615.37,Hipotecario,2015-06-21
1316,17,81645.88,Personal,2021-01-07
1317,903,91787.69,Automotriz,2021-08-18
1318,397,66265.61,Automotriz,2015-11-21
1319,834,10536.69,Empresarial,2020-09-06
1320,181,19147.02,Hipotecario,2018-04-13
1321,65,10701.37,Automotriz,2017-02-03
1322,241,33053.02,Personal,2019-03-08
1323,945,21991.39,Automotriz,2015-01-18
1324,806,87306.25,Personal,2020-07-21
1325,383,37680.42,Empresarial,2021-09-16
1326,133,11016.49,Automotriz,2018-09-24
1327,385,31977.67,Personal,2020-09-08
1328,852,34017.35,Automotriz,2023-09-12
1329,988,84673.12,Empresarial,2020-06-16
1330,133,24481.54,Empresarial,2018-02-10
1331,560,76760.91,Empresarial,2021-05-05
1332,127,21104.22,Hipotecario,2021-04-17
1333,541,90142.4,Hipotecario,2020-12-07
1334,340,4117.68,Personal,2021-03-27
1335,885,99684.83,Personal,2016-07-16
1336,698,63183.85,Empresarial,2016-10-10
1337,881,28336.05,Automotriz,2020-10-08
1338,609,40623.93,Automotriz,2016-09-13
1339,580,36936.99,Automotriz,2018-12-02
1340,715,7790.63,Empresarial,2022-07-08
1341,565,90398.1,Hipotecario,2023-07-06
1342,48,40522.63,Hipotecario,2016-06-16
1343,458,75813.0,Automotriz,2016-03-12
1344,386,42842.17,Personal,2019-03-20
1345,970,87874.25,Personal,2022-02-21
1346,261,23674.07,Automotriz,2018-01-15
1347,137,8121.43,Empresarial,2022-06-16
1348,145,60357.63,Personal,2021-04-17
1349,632,88586.7,Automotriz,2016-01-25
1350,463,12453.15,Automotriz,2018-11-25
1351,564,81634.63,Automotriz,2016-02-04
1352,350,17424.62,Automotriz,2022-06-23
1353,350,49631.64,Hipotecario,2019-12-23
1354,660,67456.59,Hipotecario,2016-08-20
1355,117,35140.43,Hipotecario,2018-01-15
1356,214,89028.44,Personal,2017-03-11
1357,307,40714.35,Automotriz,2016-07-16
1358,338,92652.01,Personal,2016-04-05
1359,792,7861.98,Hipotecario,2016-06-20
1360,294,84073.08,Empresarial,2018-09-20
1361,794,11626.68,Personal,2015-05-11
1362,944,95113.77,Personal,2022-11-24
1363,687,74316.57,Hipotecario,2016-06-15
1364,413,31128.52,Personal,2015-12-06
1365,280,15920.67,Automotriz,2022-04-19
1366,418,12328.21,Personal,2015-12-09
1367,204,68106.54,Empresarial,2019-12-06
1368,33,45011.45,Empresarial,2020-03-10
1369,572,87867.1,Personal,2016-08-15
1370,937,58249.54,Empresarial,2022-10-23
1371,405,48764.63,Automotriz,2018-07-27
1372,74,7707.47,Hipotecario,2018-04-19
1373,911,52967.79,Personal,2020-03-20
1374,486,42699.82,Personal,2016-06-14
1375,703,67862.32,Hipotecario,2019-04-21
1376,196,61207.93,Hipotecario,2016-02-28
1377,515,1605.02,Hipotecario,2023-12-21
1378,81,27173.99,Personal,2015-09-15
1379,848,66022.72,Personal,2018-06-06
1380,85,91245.09,Automotriz,2020-01-01
1381,283,99397.28,Automotriz,2020-03-16
1382,605,79704.29,Hipotecario,2018-07-24
1383,55,24079.25,Hipotecario,2020-06-10
1384,863,14553.94,Automotriz,2016-05-02
1385,933,20956.81,Hipotecario,2016-09-20
1386,134,87096.27,Empresarial,2023-03-19
1387,46,81708.78,Empresarial,2018-01-07
1388,844,91216.53,Hipotecario,2019-01-07
1389,725,43591.98,Empresarial,2023-08-14
1390,72,51436.23,Personal,2016-12-22
1391,507,60486.52,Personal,2020-06-10
1392,855,86651.69,Hipotecario,2023-12-11
1393,650,79989.29,Automotriz,2017-03-17
1394,2,51832.01,Empresarial,2018-11-02
1395,559,70701.4,Automotriz,2023-09-05
1396,102,55264.97,Automotriz,2023-09-17
1397,658,69613.89,Hipotecario,2022-06-12
1398,631,88564.06,Hipotecario,2016-06-20
1399,486,67826.55,Empresarial,2016-12-22
1400,676,98845.77,Automotriz,2019-02-26
1401,502,88057.67,Automotriz,2019-09-09
1402,488,25470.04,Hipotecario,2019-03-03
1403,615,89857.1,Personal,2015-10-06
1404,532,95818.96,Empresarial,2019-02-12
1405,929,81798.18,Empresarial,2022-07-21
1406,539,9289.14,Automotriz,2023-01-05
1407,536,37873.3,Empresarial,2019-05-03
1408,961,36223.13,Empresarial,2021-09-03
1409,78,76790.03,Hipotecario,2023-09-16
1410,789,26310.59,Personal,2016-01-15
1411,344,62534.23,Personal,2022-11-19
1412,507,33141.64,Empresarial,2022-04-08
1413,527,91999.99,Empresarial,2015-07-25
1414,144,5063.2,Empresarial,2018-12-12
1415,106,65164.49,Hipotecario,2015-01-15
1416,659,54712.08,Hipotecario,2021-06-25
1417,86,7468.84,Empresarial,2016-04-03
1418,849,72155.01,Empresarial,2019-02-24
1419,423,85386.15,Automotriz,2015-03-01
1420,976,72437.1,Empresarial,2016-07-04
1421,223,44587.41,Empresarial,2023-11-03
1422,871,9047.24,Empresarial,2022-11-10
1423,598,3890.69,Empresarial,2016-10-26
1424,514,48212.97,Empresarial,2021-12-16
1425,539,41737.42,Personal,2021-01-07
1426,148,48594.41,Hipotecario,2016-06-01
1427,735,13802.78,Empresarial,2020-04-02
1428,767,23154.4,Personal,2016-12-18
1429,64,16564.68,Empresarial,2015-10-17
1430,186,3422.91,Empresarial,2021-04-22
1431,888,71452.52,Automotriz,2015-08-22
1432,419,96418.24,Empresarial,2015-03-25
1433,910,95464.33,Automotriz,2019-12-05
1434,117,3643.11,Personal,2016-09-03
1435,900,16025.38,Empresarial,2020-12-14
1436,946,96734.88,Hipotecario,2020-12-23
1437,730,49744.34,Empresarial,2015-03-07
1438,161,97370.2,Personal,2016-08-07
1439,868,83949.97,Automotriz,2020-06-16
1440,109,30836.24,Automotriz,2017-09-14
1441,760,35833.85,Automotriz,2016-07-20
1442,760,45197.27,Automotriz,2023-08-26
1443,93,70851.8,Hipotecario,2017-11-17
1444,911,56520.88,Personal,2017-10-26
1445,573,27151.76,Automotriz,2015-03-09
1446,748,19714.33,Personal,2015-04-16
1447,209,91674.47,Personal,2018-08-28
1448,199,86562.88,Empresarial,2019-11-09
1449,190,78594.41,Hipotecario,2019-10-06
1450,606,59753.61,Hipotecario,2023-08-28
1451,831,37673.8,Automotriz,2016-08-05
1452,654,23711.66,Automotriz,2017-02-18
1453,328,67683.32,Hipotecario,2021-04-07
1454,630,71693.93,Personal,2015-04-02
1455,328,93885.2,Personal,2015-12-26
1456,296,71158.66,Automotriz,2015-01-16
1457,331,34458.1,Hipotecario,2015-08-07
1458,247,99045.8,Automotriz,2023-08-19
1459,857,3395.08,Empresarial,2020-07-18
1460,155,44520.05,Empresarial,2016-09-25
1461,821,15370.59,Personal,2020-01-02
1462,450,90528.51,Personal,2022-09-19
1463,252,22033.16,Personal,2016-08-17
1464,80,34273.64,Hipotecario,2021-10-07
1465,258,14708.55,Hipotecario,2020-01-15
1466,945,45526.83,Hipotecario,2021-06-21
1467,618,63847.59,Hipotecario,2023-02-25
1468,883,79982.68,Personal,2016-02-21
1469,651,73154.35,Hipotecario,2018-07-21
1470,173,91049.29,Automotriz,2021-10-04
1471,68,25750.49,Personal,2017-09-26
1472,913,40919.96,Hipotecario,2016-04-26
1473,296,44482.19,Empresarial,2015-06-25
1474,689,93365.95,Hipotecario,2022-01-03
1475,639,36340.52,Hipotecario,2018-06-24
1476,850,10803.06,Hipotecario,2020-11-06
1477,526,66483.22,Automotriz,2021-08-26
1478,495,95244.2,Hipotecario,2021-04-23
1479,960,12000.03,Empresarial,2022-12-23
1480,127,59194.14,Empresarial,2016-10-22
1481,773,43563.64,Empresarial,2020-08-15
1482,927,34718.31,Personal,2022-10-13
1483,655,61336.0,Empresarial,2018-01-06
1484,657,55810.85,Empresarial,2020-10-10
1485,867,11290.61,Automotriz,2017-03-06
1486,550,57650.08,Hipotecario,2021-06-04
1487,123,11204.73,Automotriz,2018-10-07
1488,646,39853.16,Personal,2018-03-24
1489,458,40713.19,Automotriz,2022-01-03
1490,937,4689.69,Hipotecario,2015-11-16
1491,664,70838.13,Empresarial,2015-06-23
1492,463,20838.11,Empresarial,2015-04-10
1493,984,12244.07,Personal,2016-01-12
1494,278,18637.82,Hipotecario,2016-07-26
1495,268,78833.75,Empresarial,2015-01-22
1496,935,70717.57,Personal,2022-07-05
1497,29,8669.49,Empresarial,2015-10-25
1498,956,86837.66,Empresarial,2017-01-03
1499,987,58635.3,Empresarial,2021-03-19
1500,39,21875.31,Empresarial,2022-02-06
1501,113,30617.38,Hipotecario,2020-06-27
1502,43,33536.79,Personal,2019-01-01
1503,651,62274.8,Empresarial,2016-01-17
1504,498,45533.26,Empresarial,2018-08-28
1505,311,96135.54,Personal,2015-08-27
1506,175,10268.92,Automotriz,2016-04-04
1507,327,44835.26,Automotriz,2020-10-16
1508,767,5756.33,Empresarial,2015-08-11
1509,312,75711.19,Personal,2019-06-02
1510,752,23780.51,Automotriz,2021-01-23
1511,74,23308.4,Personal,2021-02-02
1512,809,78935.51,Hipotecario,2018-09-15
1513,853,51753.77,Automotriz,2017-03-18
1514,468,85062.18,Empresarial,2015-12-07
1515,492,51854.9,Personal,2022-01-24
1516,684,17369.11,Personal,2017-08-16
1517,82,25962.39,Personal,2018-02-18
1518,202,84960.45,Personal,2023-12-20
1519,558,84567.45,Automotriz,2015-01-26
1520,530,65971.16,Automotriz,2015-10-06
1521,460,20990.87,Empresarial,2019-04-22
1522,778,93744.23,Automotriz,2020-01-28
1523,2,50997.75,Empresarial,2017-12-12
1524,13,58115.52,Automotriz,2020-02-16
1525,196,3940.38,Hipotecario,2019-02-15
1526,262,67165.65,Personal,2015-02-11
1527,969,12642.97,Hipotecario,2017-03-20
1528,271,80200.53,Automotriz,2018-11-18
1529,392,40742.43,Hipotecario,2021-09-23
1530,939,64750.92,Hipotecario,2016-04-09
1531,800,32775.49,Hipotecario,2015-08-10
1532,358,22455.06,Automotriz,2020-06-06
1533,720,46132.72,Hipotecario,2017-01-08
1534,620,99690.17,Personal,2023-02-17
1535,707,22672.91,Automotriz,2023-12-12
1536,195,76893.06,Automotriz,2023-08-26
1537,382,1589.58,Empresarial,2023-04-12
1538,351,51643.25,Automotriz,2015-06-21
1539,313,84386.39,Hipotecario,2022-12-08
1540,377,34762.18,Hipotecario,2016-02-10
1541,717,66657.5,Personal,2018-10-14
1542,81,61011.7,Hipotecario,2018-04-15
1543,898,47707.25,Empresarial,2018-11-20
1544,591,57264.14,Hipotecario,2019-08-14
1545,983,9702.57,Automotriz,2018-12-19
1546,615,14665.69,Empresarial,2019-06-17
1547,498,34838.84,Hipotecario,2022-01-22
1548,337,90052.65,Personal,2019-07-13
1549,61,16054.6,Empresarial,2022-09-15
1550,617,6364.17,Personal,2019-12-27
1551,545,70850.04,Hipotecario,2016-02-01
1552,469,27729.09,Empresarial,2021-08-08
1553,704,78732.8,Automotriz,2017-07-03
1554,637,62944.51,Empresarial,2021-06-17
1555,276,92864.05,Hipotecario,2017-06-18
1556,513,67895.64,Empresarial,2019-11-09
1557,705,40820.43,Automotriz,2023-08-03
1558,969,97799.67,Personal,2015-06-18
1559,371,25271.78,Empresarial,2023-10-16
1560,669,54362.18,Hipotecario,2022-10-19
1561,145,85342.79,Personal,2023-08-19
1562,862,97164.59,Hipotecario,2020-11-08
1563,510,31713.11,Automotriz,2016-09-01
1564,149,44395.6,Hipotecario,2021-04-12
1565,63,97555.8,Hipotecario,2016-04-09
1566,908,75970.16,Automotriz,2022-06-18
1567,353,73784.08,Hipotecario,2022-01-28
1568,17,80318.64,Automotriz,2019-05-16
1569,689,43927.28,Hipotecario,2022-04-09
1570,951,39517.84,Empresarial,2017-06-20
1571,412,89862.8,Automotriz,2022-10-17
1572,407,93242.41,Empresarial,2018-02-19
1573,814,48435.21,Hipotecario,2017-10-25
1574,445,37074.29,Empresarial,2016-03-10
1575,716,18794.74,Hipotecario,2016-05-02
1576,956,91027.73,Automotriz,2016-04-04
1577,680,20617.57,Empresarial,2019-12-06
1578,503,34664.65,Empresarial,2022-11-18
1579,986,70437.16,Automotriz,2016-12-04
1580,748,37581.69,Hipotecario,2016-04-27
1581,464,32122.68,Empresarial,2020-06-16
1582,718,27404.11,Empresarial,2020-10-08
1583,311,55206.92,Automotriz,2018-10-12
1584,630,96651.72,Hipotecario,2017-10-04
1585,498,24282.24,Empresarial,2017-01-18
1586,135,58759.5,Automotriz,2018-05-25
1587,193,44450.46,Empresarial,2020-08-15
1588,178,66987.64,Empresarial,2023-01-06
1589,120,98206.31,Empresarial,2016-05-28
1590,390,53437.09,Automotriz,2022-09-14
1591,711,31916.43,Automotriz,2020-09-20
1592,240,91591.46,Hipotecario,2019-03-23
1593,977,80137.91,Personal,2023-09-24
1594,798,86481.65,Hipotecario,2020-04-24
1595,199,65184.5,Empresarial,2020-06-02
1596,292,25277.82,Personal,2017-08-23
1597,840,60516.34,Personal,2018-03-13
1598,988,3594.15,Empresarial,2022-03-04
1599,634,7844.52,Hipotecario,2018-05-13
1600,542,74315.84,Hipotecario,2019-10-14
1601,597,61301.36,Automotriz,2017-03-02
1602,252,17327.56,Personal,2015-08-18
1603,643,35993.81,Hipotecario,2020-09-12
1604,572,6018.63,Empresarial,2017-01-12
1605,930,45243.12,Empresarial,2015-10-15
1606,63,45284.05,Empresarial,2015-05-10
1607,800,32052.48,Hipotecario,2022-09-08
1608,959,70249.09,Empresarial,2016-09-04
1609,982,38159.44,Hipotecario,2018-03-18
1610,370,37833.02,Personal,2020-11-12
1611,750,56622.57,Automotriz,2021-04-10
1612,591,92378.04,Automotriz,2016-11-05
1613,888,14052.14,Personal,2020-12-10
1614,371,93601.21,Personal,2021-05-21
1615,188,2325.67,Empresarial,2021-07-01
1616,748,60238.07,Automotriz,2021-06-08
1617,2,86190.88,Empresarial,2016-08-09
1618,480,24373.66,Automotriz,2019-10-20
1619,910,92352.93,Personal,2020-10-24
1620,662,3920.1,Empresarial,2017-07-22
1621,959,36908.78,Personal,2022-07-06
1622,103,28300.08,Empresarial,2019-09-19
1623,561,92484.81,Empresarial,2015-06-19
1624,338,75420.91,Automotriz,2023-05-21
1625,147,8107.97,Empresarial,2018-12-27
1626,191,79197.37,Empresarial,2019-03-11
1627,935,9083.0,Hipotecario,2018-12-07
1628,37,99809.23,Personal,2022-04-19
1629,704,51572.04,Automotriz,2015-06-26
1630,910,47543.18,Hipotecario,2019-08-22
1631,795,19557.52,Automotriz,2020-07-28
1632,630,47238.65,Automotriz,2018-01-03
1633,809,79569.08,Empresarial,2017-06-25
1634,984,57189.95,Personal,2023-01-03
1635,130,42815.86,Hipotecario,2022-06-07
1636,618,52188.4,Automotriz,2022-05-16
1637,90,61284.47,Personal,2015-09-02
1638,653,67687.89,Empresarial,2017-12-02
1639,872,32782.3,Empresarial,2018-01-07
1640,301,7588.19,Empresarial,2023-12-16
1641,282,36528.4,Personal,2019-01-12
1642,996,1094.63,Hipotecario,2020-05-17
1643,864,32214.46,Personal,2021-10-19
1644,545,61162.65,Personal,2015-02-01
1645,203,26748.52,Personal,2021-07-02
1646,616,51586.54,Automotriz,2023-01-12
1647,9,77193.25,Automotriz,2015-02-19
1648,574,25573.13,Automotriz,2017-07-27
1649,432,17321.13,Hipotecario,2021-07-18
1650,513,68714.18,Empresarial,2016-01-07
1651,932,64675.82,Personal,2016-03-12
1652,42,12345.15,Hipotecario,2020-06-16
1653,665,44349.29,Automotriz,2019-05-06
1654,185,78340.76,Empresarial,2019-02-14
1655,872,78069.77,Empresarial,2017-05-16
1656,862,89164.01,Personal,2016-04-03
1657,23,54816.09,Automotriz,2023-06-28
1658,702,2966.09,Automotriz,2019-07-15
1659,857,33149.07,Personal,2015-06-12
1660,39,54924.83,Automotriz,2022-03-04
1661,826,97382.75,Empresarial,2016-12-10
1662,269,61720.03,Hipotecario,2015-11-14
1663,780,71286.29,Empresarial,2018-12-01
1664,842,28649.39,Empresarial,2016-08-25
1665,906,97883.02,Automotriz,2019-12-19
1666,717,72493.24,Personal,2015-06-14
1667,37,71103.69,Empresarial,2020-04-10
1668,174,5191.45,Automotriz,2022-08-01
1669,143,14210.94,Hipotecario,2018-08-17
1670,382,49399.33,Empresarial,2020-08-05
1671,232,49228.29,Hipotecario,2016-08-08
1672,54,51880.31,Hipotecario,2022-04-18
1673,397,79382.92,Hipotecario,2022-01-24
1674,230,25062.21,Empresarial,2017-05-13
1675,706,14773.66,Empresarial,2017-12-24
1676,753,76708.29,Personal,2015-12-13
1677,170,34359.37,Hipotecario,2018-01-13
1678,321,7629.99,Personal,2023-08-20
1679,719,9205.58,Automotriz,2020-02-02
1680,890,65172.04,Personal,2017-11-04
1681,417,13796.52,Automotriz,2023-06-09
1682,846,76125.18,Hipotecario,2023-03-18
1683,887,34704.98,Empresarial,2023-06-04
1684,30,70595.88,Empresarial,2020-10-15
1685,743,93420.89,Empresarial,2023-05-08
1686,998,40222.51,Automotriz,2023-05-09
1687,391,58451.92,Hipotecario,2023-03-09
1688,83,16140.2,Personal,2021-08-24
1689,889,58602.39,Automotriz,2021-09-23
1690,603,88561.22,Empresarial,2018-03-10
1691,440,99112.37,Hipotecario,2017-03-04
1692,184,99274.67,Personal,2021-01-26
1693,497,42748.92,Personal,2019-07-20
1694,263,97613.61,Empresarial,2019-01-08
1695,27,1953.09,Automotriz,2019-03-18
1696,462,20282.46,Automotriz,2016-06-24
1697,247,17836.86,Personal,2017-05-22
1698,1000,68891.82,Hipotecario,2020-04-02
1699,544,51149.33,Empresarial,2021-02-08
1700,633,90345.01,Automotriz,2023-03-02
1701,177,4665.48,Hipotecario,2018-10-24
1702,239,10772.27,Hipotecario,2017-06-17
1703,186,11346.33,Personal,2022-04-26
1704,559,96506.95,Automotriz,2018-12-16
1705,193,96264.89,Automotriz,2018-11-22
1706,749,15008.01,Personal,2017-02-14
1707,550,67852.82,Empresarial,2020-09-03
1708,954,97566.02,Empresarial,2017-08-18
1709,226,50819.5,Automotriz,2021-06-15
1710,841,37976.28,Personal,2020-02-14
1711,836,24627.84,Empresarial,2015-05-15
1712,96,66129.55,Automotriz,2023-06-21
1713,843,73214.07,Empresarial,2016-09-19
1714,846,42521.05,Hipotecario,2020-12-08
1715,9,32755.02,Empresarial,2023-11-26
1716,77,5492.9,Personal,2016-01-20
1717,611,68163.2,Automotriz,2018-03-10
1718,409,76254.77,Hipotecario,2017-08-16
1719,407,68995.88,Personal,2023-04-10
1720,749,19287.37,Empresarial,2016-11-10
1721,263,34619.05,Empresarial,2015-11-20
1722,132,31879.53,Personal,2016-08-03
1723,311,63910.02,Hipotecario,2020-07-21
1724,461,78070.56,Hipotecario,2015-07-16
1725,125,51147.73,Hipotecario,2016-06-16
1726,317,49045.88,Personal,2018-07-04
1727,356,12482.03,Empresarial,2019-03-12
1728,542,67735.71,Automotriz,2015-09-09
1729,849,99421.65,Empresarial,2018-07-22
1730,374,39612.4,Automotriz,2019-05-18
1731,548,34312.53,Empresarial,2020-05-11
1732,290,36236.44,Automotriz,2020-05-02
1733,122,81266.67,Personal,2020-08-06
1734,158,94985.56,Empresarial,2021-07-10
1735,477,13213.98,Hipotecario,2016-10-07
1736,918,80243.77,Personal,2018-06-19
1737,184,5873.73,Personal,2018-07-05
1738,842,91107.93,Automotriz,2020-09-05
1739,138,9902.04,Automotriz,2016-11-28
1740,207,92075.99,Personal,2019-12-14
1741,767,80566.92,Personal,2021-06-23
1742,122,46393.28,Empresarial,2015-01-22
1743,438,38051.74,Personal,2019-10-05
1744,968,63073.24,Automotriz,2018-01-24
1745,599,58883.14,Automotriz,2016-10-20
1746,750,86272.9,Automotriz,2018-12-22
1747,636,46917.57,Automotriz,2023-08-26
1748,289,87944.4,Automotriz,2019-01-08
1749,50,57322.64,Hipotecario,2021-06-03
1750,414,12584.61,Personal,2023-07-13
1751,321,89771.62,Hipotecario,2021-07-27
1752,762,98195.26,Personal,2020-01-20
1753,655,97617.95,Personal,2021-10-02
1754,127,53934.18,Automotriz,2015-10-21
1755,547,23295.2,Hipotecario,2016-04-24
1756,984,32603.62,Empresarial,2016-03-12
1757,785,70731.49,Automotriz,2022-04-07
1758,581,95578.57,Hipotecario,2020-09-15
1759,776,25714.87,Empresarial,2019-07-14
1760,16,29744.25,Personal,2019-03-15
1761,214,68671.52,Automotriz,2022-04-26
1762,315,76791.53,Hipotecario,2020-07-01
1763,457,48769.42,Automotriz,2016-06-25
1764,847,35571.58,Automotriz,2020-09-09
1765,144,33393.54,Personal,2021-05-21
1766,566,14552.66,Empresarial,2023-03-13
1767,587,36627.31,Empresarial,2016-09-13
1768,257,76150.76,Empresarial,2019-09-12
1769,956,85677.95,Automotriz,2016-03-17
1770,908,6574.89,Hipotecario,2018-03-01
1771,252,25324.37,Personal,2019-11-27
1772,924,98800.45,Hipotecario,2023-06-09
1773,53,6770.7,Personal,2022-08-22
1774,228,93851.23,Personal,2023-04-10
1775,555,8457.04,Personal,2019-07-13
1776,888,6558.59,Personal,2020-02-16
1777,827,8703.82,Automotriz,2019-02-01
1778,953,41306.03,Personal,2015-07-21
1779,329,10328.61,Personal,2020-12-24
1780,735,8169.92,Empresarial,2020-04-26
1781,979,53143.38,Hipotecario,2021-02-06
1782,126,37574.64,Hipotecario,2020-12-03
1783,445,83658.14,Empresarial,2023-05-07
1784,427,75381.03,Hipotecario,2016-08-02
1785,256,60457.56,Automotriz,2015-11-02
1786,398,17497.65,Empresarial,2022-05-25
1787,908,64897.15,Empresarial,2019-02-27
1788,688,61111.65,Automotriz,2020-03-17
1789,74,30599.84,Automotriz,2015-11-27
1790,213,84000.71,Personal,2023-02-27
1791,897,1294.55,Automotriz,2015-05-22
1792,648,77009.71,Automotriz,2019-06-08
1793,291,3294.43,Personal,2022-09-04
1794,191,84664.6,Empresarial,2019-12-07
1795,58,65665.93,Personal,2020-07-22
1796,701,41904.65,Automotriz,2020-11-11
1797,972,96783.98,Empresarial,2020-08-02
1798,148,24545.96,Hipotecario,2015-07-21
1799,797,15189.89,Automotriz,2021-07-28
1800,269,58099.86,Personal,2022-03-07
1801,171,26895.61,Hipotecario,2016-10-26
1802,887,96344.86,Empresarial,2020-01-12
1803,504,23029.99,Empresarial,2017-01-08
1804,379,52098.23,Empresarial,2020-07-16
1805,396,27947.48,Hipotecario,2016-02-09
1806,900,89303.31,Empresarial,2020-10-13
1807,203,12731.14,Automotriz,2021-01-02
1808,557,77194.77,Hipotecario,2020-12-16
1809,331,61099.43,Personal,2017-10-12
1810,256,49329.84,Hipotecario,2023-07-27
1811,497,46171.03,Automotriz,2021-06-06
1812,337,5500.72,Hipotecario,2016-04-28
1813,926,63702.82,Hipotecario,2020-11-22
1814,397,88724.92,Empresarial,2017-08-14
1815,699,83196.53,Personal,2021-04-07
1816,650,82220.89,Personal,2018-10-07
1817,488,34656.29,Hipotecario,2017-11-19
1818,692,82813.76,Automotriz,2021-01-18
1819,509,7912.34,Hipotecario,2022-05-10
1820,246,27054.06,Automotriz,2021-08-10
1821,65,66144.35,Empresarial,2018-06-23
1822,565,46027.27,Personal,2017-01-25
1823,733,75254.39,Personal,2019-03-05
1824,696,5835.95,Automotriz,2021-09-06
1825,269,94148.12,Personal,2015-07-14
1826,637,29249.89,Personal,2017-03-16
1827,421,99592.13,Automotriz,2015-04-19
1828,581,79331.8,Automotriz,2016-03-11
1829,334,51865.24,Hipotecario,2020-01-06
1830,583,30621.99,Automotriz,2022-03-21
1831,934,41215.9,Hipotecario,2018-02-28
1832,634,55100.4,Automotriz,2021-04-24
1833,1000,29875.35,Hipotecario,2019-02-08
1834,25,86518.22,Empresarial,2022-06-06
1835,319,96381.33,Empresarial,2020-09-01
1836,454,82681.1,Empresarial,2015-12-17
1837,159,78757.34,Automotriz,2015-09-01
1838,454,31977.95,Empresarial,2016-06-10
1839,671,51684.18,Hipotecario,2016-01-09
1840,284,48553.11,Automotriz,2021-04-04
1841,509,20271.82,Hipotecario,2019-09-07
1842,30,1098.5,Personal,2021-07-17
1843,201,81177.36,Hipotecario,2015-04-04
1844,918,35305.2,Hipotecario,2018-11-06
1845,992,5625.45,Automotriz,2018-10-21
1846,716,79604.07,Personal,2018-08-20
1847,260,19954.32,Hipotecario,2022-12-28
1848,68,13728.84,Hipotecario,2016-09-18
1849,132,68174.93,Automotriz,2015-10-17
1850,344,72452.49,Empresarial,2018-07-02
1851,864,68316.39,Empresarial,2016-11-09
1852,766,85607.41,Automotriz,2015-04-15
1853,777,21737.31,Personal,2016-10-25
1854,784,82814.1,Hipotecario,2017-11-07
1855,568,44706.53,Hipotecario,2022-12-22
1856,150,51804.65,Hipotecario,2023-07-14
1857,44,95842.65,Personal,2023-03-16
1858,278,52841.49,Hipotecario,2022-02-19
1859,441,55889.17,Hipotecario,2016-01-19
1860,763,72075.86,Automotriz,2016-01-15
1861,878,86827.02,Personal,2018-12-14
1862,121,72909.47,Empresarial,2018-08-14
1863,170,88379.8,Empresarial,2019-09-08
1864,754,98913.1,Hipotecario,2018-05-23
1865,927,32940.04,Automotriz,2021-05-21
1866,780,79752.19,Empresarial,2022-06-10
1867,97,48715.23,Hipotecario,2020-01-11
1868,355,24252.79,Empresarial,2015-10-18
1869,248,6732.87,Personal,2020-04-12
1870,892,16994.27,Personal,2022-05-17
1871,316,69656.15,Empresarial,2021-01-19
1872,180,89838.36,Empresarial,2016-06-23
1873,737,2362.92,Personal,2023-05-19
1874,959,84927.52,Hipotecario,2021-01-09
1875,364,21513.29,Personal,2017-01-12
1876,68,32548.88,Personal,2015-05-21
1877,728,68415.5,Personal,2020-02-16
1878,409,86955.79,Automotriz,2017-08-05
1879,412,76951.62,Automotriz,2015-03-23
1880,548,34932.2,Automotriz,2016-11-08
1881,8,29488.38,Empresarial,2017-05-06
1882,374,37651.79,Personal,2018-08-04
1883,691,76148.94,Automotriz,2015-01-21
1884,440,4800.8,Hipotecario,2021-09-28
1885,991,81329.3,Empresarial,2019-02-26
1886,240,52699.36,Personal,2018-06-03
1887,93,82415.9,Hipotecario,2017-09-01
1888,938,26532.09,Personal,2019-11-22
1889,925,33366.39,Personal,2019-10-11
1890,88,33836.66,Empresarial,2023-11-24
1891,575,41391.16,Empresarial,2015-02-17
1892,63,14553.55,Hipotecario,2016-03-04
1893,453,99651.46,Hipotecario,2018-08-23
1894,757,81290.85,Hipotecario,2021-01-15
1895,231,78728.26,Empresarial,2017-04-28
1896,609,86704.96,Personal,2018-12-20
1897,769,20672.04,Personal,2023-12-17
1898,823,53062.28,Hipotecario,2022-07-17
1899,368,47652.64,Empresarial,2022-05-25
1900,672,85958.03,Hipotecario,2019-05-26
1901,691,93082.16,Automotriz,2021-03-19
1902,250,12046.22,Empresarial,2020-01-05
1903,237,71665.58,Hipotecario,2021-10-27
1904,396,53572.21,Automotriz,2017-09-25
1905,680,77615.04,Automotriz,2017-04-28
1906,69,53687.56,Empresarial,2017-04-08
1907,570,34317.94,Hipotecario,2022-11-08
1908,528,5228.35,Automotriz,2016-01-19
1909,771,18849.73,Hipotecario,2018-11-03
1910,482,84702.19,Hipotecario,2019-07-13
1911,531,62728.05,Personal,2021-07-20
1912,782,92760.86,Automotriz,2017-07-26
1913,811,68199.42,Personal,2015-11-04
1914,374,16118.38,Personal,2018-05-06
1915,329,80467.04,Automotriz,2020-12-15
1916,944,94352.71,Automotriz,2016-05-20
1917,82,54696.34,Hipotecario,2022-10-18
1918,543,44576.25,Personal,2019-11-05
1919,511,79091.18,Automotriz,2023-11-06
1920,213,6108.72,Personal,2023-09-05
1921,160,74277.26,Automotriz,2022-09-16
1922,52,91539.94,Hipotecario,2017-10-23
1923,392,21779.15,Personal,2022-08-20
1924,867,86668.7,Personal,2019-07-02
1925,36,67667.23,Empresarial,2016-11-28
1926,285,56518.09,Hipotecario,2021-02-23
1927,688,83301.69,Empresarial,2022-10-16
1928,202,15776.96,Personal,2015-05-14
1929,147,96036.46,Hipotecario,2018-04-18
1930,673,4611.71,Hipotecario,2015-09-17
1931,32,38356.05,Hipotecario,2018-02-18
1932,682,25174.95,Automotriz,2015-08-22
1933,544,13302.75,Automotriz,2017-07-17
1934,707,8704.26,Hipotecario,2019-11-19
1935,654,46890.46,Hipotecario,2019-10-11
1936,208,68440.15,Personal,2022-10-27
1937,879,74411.83,Hipotecario,2018-08-08
1938,288,50679.01,Hipotecario,2017-04-17
1939,294,43980.38,Personal,2017-08-25
1940,496,93885.59,Automotriz,2015-04-12
1941,724,34386.14,Automotriz,2016-02-06
1942,845,72562.67,Hipotecario,2020-12-02
1943,867,25235.74,Personal,2016-09-07
1944,20,4259.17,Empresarial,2015-03-25
1945,654,47356.14,Personal,2022-11-19
1946,265,42730.45,Hipotecario,2018-09-10
1947,355,73575.14,Personal,2022-08-14
1948,606,37543.52,Automotriz,2016-07-10
1949,602,57328.93,Hipotecario,2018-02-05
1950,386,86263.26,Automotriz,2018-02-24
1951,825,64664.45,Automotriz,2019-02-06
1952,579,52302.01,Automotriz,2023-08-23
1953,120,61344.87,Personal,2015-07-23
1954,255,48516.98,Empresarial,2020-11-12
1955,582,15721.63,Hipotecario,2016-07-13
1956,759,32279.01,Automotriz,2023-04-26
1957,218,70500.5,Hipotecario,2017-10-13
1958,698,49062.18,Empresarial,2016-01-21
1959,831,63241.95,Hipotecario,2023-04-07
1960,105,71669.18,Hipotecario,2023-01-10
1961,336,21236.53,Hipotecario,2022-08-12
1962,932,94734.7,Personal,2017-02-08
1963,103,7709.01,Automotriz,2020-11-25
1964,395,75431.46,Personal,2020-10-05
1965,992,29181.8,Hipotecario,2015-09-01
1966,425,85291.02,Personal,2021-04-03
1967,699,62818.9,Personal,2023-06-27
1968,920,59529.89,Automotriz,2023-09-18
1969,861,74626.38,Empresarial,2015-06-25
1970,201,3740.65,Hipotecario,2023-04-02
1971,734,40158.5,Automotriz,2023-10-15
1972,913,86717.96,Hipotecario,2018-10-04
1973,491,90165.63,Hipotecario,2022-09-07
1974,907,77131.73,Empresarial,2020-05-21
1975,407,31203.7,Empresarial,2020-01-05
1976,182,78409.45,Automotriz,2015-07-28
1977,152,87396.63,Personal,2022-10-06
1978,430,59452.44,Hipotecario,2015-07-23
1979,324,83992.05,Hipotecario,2021-05-11
1980,792,73866.26,Automotriz,2021-02-15
1981,920,79045.01,Automotriz,2018-08-22
1982,399,11367.32,Hipotecario,2019-09-05
1983,503,57111.15,Hipotecario,2023-09-17
1984,259,49834.72,Hipotecario,2019-10-23
1985,947,32482.74,Hipotecario,2020-03-15
1986,564,88790.85,Empresarial,2021-11-21
1987,864,3811.65,Hipotecario,2017-07-19
1988,265,71474.1,Hipotecario,2015-05-10
1989,840,36599.72,Hipotecario,2017-01-14
1990,910,14793.67,Hipotecario,2023-10-09
1991,851,24485.24,Personal,2015-09-18
1992,511,63645.66,Automotriz,2022-05-20
1993,498,17477.65,Empresarial,2017-01-17
1994,486,23756.89,Empresarial,2016-03-03
1995,115,16308.55,Empresarial,2017-01-27
1996,436,57532.93,Personal,2023-03-04
1997,174,26483.31,Personal,2023-06-19
1998,859,52250.76,Hipotecario,2022-02-14
1999,10,24157.09,Personal,2016-09-07
2000,132,80245.43,Empresarial,2023-12-14
