id,name
1,Node_1
2,Node_2
3,Node_3
4,Node_4
5,Node_5
6,Node_6
7,Node_7
8,Node_8
9,Node_9
10,Node_10
11,Node_11
12,Node_12
13,Node_13
14,Node_14
15,Node_15
16,Node_16
17,Node_17
18,Node_18
19,Node_19
20,Node_20
21,Node_21
22,Node_22
23,Node_23
24,Node_24
25,Node_25
26,Node_26
27,Node_27
28,Node_28
29,Node_29
30,Node_30
31,Node_31
32,Node_32
33,Node_33
34,Node_34
35,Node_35
36,Node_36
37,Node_37
38,Node_38
39,Node_39
40,Node_40
41,Node_41
42,Node_42
43,Node_43
44,Node_44
45,Node_45
46,Node_46
47,Node_47
48,Node_48
49,Node_49
50,Node_50
51,Node_51
52,Node_52
53,Node_53
54,Node_54
55,Node_55
56,Node_56
57,Node_57
58,Node_58
59,Node_59
60,Node_60
61,Node_61
62,Node_62
63,Node_63
64,Node_64
65,Node_65
66,Node_66
67,Node_67
68,Node_68
69,Node_69
70,Node_70
71,Node_71
72,Node_72
73,Node_73
74,Node_74
75,Node_75
76,Node_76
77,Node_77
78,Node_78
79,Node_79
80,Node_80
81,Node_81
82,Node_82
83,Node_83
84,Node_84
85,Node_85
86,Node_86
87,Node_87
88,Node_88
89,Node_89
90,Node_90
91,Node_91
92,Node_92
93,Node_93
94,Node_94
95,Node_95
96,Node_96
97,Node_97
98,Node_98
99,Node_99
100,Node_100
101,Node_101
102,Node_102
103,Node_103
104,Node_104
105,Node_105
106,Node_106
107,Node_107
108,Node_108
109,Node_109
110,Node_110
111,Node_111
112,Node_112
113,Node_113
114,Node_114
115,Node_115
116,Node_116
117,Node_117
118,Node_118
119,Node_119
120,Node_120
121,Node_121
122,Node_122
123,Node_123
124,Node_124
125,Node_125
126,Node_126
127,Node_127
128,Node_128
129,Node_129
130,Node_130
131,Node_131
132,Node_132
133,Node_133
134,Node_134
135,Node_135
136,Node_136
137,Node_137
138,Node_138
139,Node_139
140,Node_140
141,Node_141
142,Node_142
143,Node_143
144,Node_144
145,Node_145
146,Node_146
147,Node_147
148,Node_148
149,Node_149
150,Node_150
151,Node_151
152,Node_152
153,Node_153
154,Node_154
155,Node_155
156,Node_156
157,Node_157
158,Node_158
159,Node_159
160,Node_160
161,Node_161
162,Node_162
163,Node_163
164,Node_164
165,Node_165
166,Node_166
167,Node_167
168,Node_168
169,Node_169
170,Node_170
171,Node_171
172,Node_172
173,Node_173
174,Node_174
175,Node_175
176,Node_176
177,Node_177
178,Node_178
179,Node_179
180,Node_180
181,Node_181
182,Node_182
183,Node_183
184,Node_184
185,Node_185
186,Node_186
187,Node_187
188,Node_188
189,Node_189
190,Node_190
191,Node_191
192,Node_192
193,Node_193
194,Node_194
195,Node_195
196,Node_196
197,Node_197
198,Node_198
199,Node_199
200,Node_200
201,Node_201
202,Node_202
203,Node_203
204,Node_204
205,Node_205
206,Node_206
207,Node_207
208,Node_208
209,Node_209
210,Node_210
211,Node_211
212,Node_212
213,Node_213
214,Node_214
215,Node_215
216,Node_216
217,Node_217
218,Node_218
219,Node_219
220,Node_220
221,Node_221
222,Node_222
223,Node_223
224,Node_224
225,Node_225
226,Node_226
227,Node_227
228,Node_228
229,Node_229
230,Node_230
231,Node_231
232,Node_232
233,Node_233
234,Node_234
235,Node_235
236,Node_236
237,Node_237
238,Node_238
239,Node_239
240,Node_240
241,Node_241
242,Node_242
243,Node_243
244,Node_244
245,Node_245
246,Node_246
247,Node_247
248,Node_248
249,Node_249
250,Node_250
251,Node_251
252,Node_252
253,Node_253
254,Node_254
255,Node_255
256,Node_256
257,Node_257
258,Node_258
259,Node_259
260,Node_260
261,Node_261
262,Node_262
263,Node_263
264,Node_264
265,Node_265
266,Node_266
267,Node_267
268,Node_268
269,Node_269
270,Node_270
271,Node_271
272,Node_272
273,Node_273
274,Node_274
275,Node_275
276,Node_276
277,Node_277
278,Node_278
279,Node_279
280,Node_280
281,Node_281
282,Node_282
283,Node_283
284,Node_284
285,Node_285
286,Node_286
287,Node_287
288,Node_288
289,Node_289
290,Node_290
291,Node_291
292,Node_292
293,Node_293
294,Node_294
295,Node_295
296,Node_296
297,Node_297
298,Node_298
299,Node_299
300,Node_300
301,Node_301
302,Node_302
303,Node_303
304,Node_304
305,Node_305
306,Node_306
307,Node_307
308,Node_308
309,Node_309
310,Node_310
311,Node_311
312,Node_312
313,Node_313
314,Node_314
315,Node_315
316,Node_316
317,Node_317
318,Node_318
319,Node_319
320,Node_320
321,Node_321
322,Node_322
323,Node_323
324,Node_324
325,Node_325
326,Node_326
327,Node_327
328,Node_328
329,Node_329
330,Node_330
331,Node_331
332,Node_332
333,Node_333
334,Node_334
335,Node_335
336,Node_336
337,Node_337
338,Node_338
339,Node_339
340,Node_340
341,Node_341
342,Node_342
343,Node_343
344,Node_344
345,Node_345
346,Node_346
347,Node_347
348,Node_348
349,Node_349
350,Node_350
351,Node_351
352,Node_352
353,Node_353
354,Node_354
355,Node_355
356,Node_356
357,Node_357
358,Node_358
359,Node_359
360,Node_360
361,Node_361
362,Node_362
363,Node_363
364,Node_364
365,Node_365
366,Node_366
367,Node_367
368,Node_368
369,Node_369
370,Node_370
371,Node_371
372,Node_372
373,Node_373
374,Node_374
375,Node_375
376,Node_376
377,Node_377
378,Node_378
379,Node_379
380,Node_380
381,Node_381
382,Node_382
383,Node_383
384,Node_384
385,Node_385
386,Node_386
387,Node_387
388,Node_388
389,Node_389
390,Node_390
391,Node_391
392,Node_392
393,Node_393
394,Node_394
395,Node_395
396,Node_396
397,Node_397
398,Node_398
399,Node_399
400,Node_400
401,Node_401
402,Node_402
403,Node_403
404,Node_404
405,Node_405
406,Node_406
407,Node_407
408,Node_408
409,Node_409
410,Node_410
411,Node_411
412,Node_412
413,Node_413
414,Node_414
415,Node_415
416,Node_416
417,Node_417
418,Node_418
419,Node_419
420,Node_420
421,Node_421
422,Node_422
423,Node_423
424,Node_424
425,Node_425
426,Node_426
427,Node_427
428,Node_428
429,Node_429
430,Node_430
431,Node_431
432,Node_432
433,Node_433
434,Node_434
435,Node_435
436,Node_436
437,Node_437
438,Node_438
439,Node_439
440,Node_440
441,Node_441
442,Node_442
443,Node_443
444,Node_444
445,Node_445
446,Node_446
447,Node_447
448,Node_448
449,Node_449
450,Node_450
451,Node_451
452,Node_452
453,Node_453
454,Node_454
455,Node_455
456,Node_456
457,Node_457
458,Node_458
459,Node_459
460,Node_460
461,Node_461
462,Node_462
463,Node_463
464,Node_464
465,Node_465
466,Node_466
467,Node_467
468,Node_468
469,Node_469
470,Node_470
471,Node_471
472,Node_472
473,Node_473
474,Node_474
475,Node_475
476,Node_476
477,Node_477
478,Node_478
479,Node_479
480,Node_480
481,Node_481
482,Node_482
483,Node_483
484,Node_484
485,Node_485
486,Node_486
487,Node_487
488,Node_488
489,Node_489
490,Node_490
491,Node_491
492,Node_492
493,Node_493
494,Node_494
495,Node_495
496,Node_496
497,Node_497
498,Node_498
499,Node_499
500,Node_500
501,Node_501
502,Node_502
503,Node_503
504,Node_504
505,Node_505
506,Node_506
507,Node_507
508,Node_508
509,Node_509
510,Node_510
511,Node_511
512,Node_512
513,Node_513
514,Node_514
515,Node_515
516,Node_516
517,Node_517
518,Node_518
519,Node_519
520,Node_520
521,Node_521
522,Node_522
523,Node_523
524,Node_524
525,Node_525
526,Node_526
527,Node_527
528,Node_528
529,Node_529
530,Node_530
531,Node_531
532,Node_532
533,Node_533
534,Node_534
535,Node_535
536,Node_536
537,Node_537
538,Node_538
539,Node_539
540,Node_540
541,Node_541
542,Node_542
543,Node_543
544,Node_544
545,Node_545
546,Node_546
547,Node_547
548,Node_548
549,Node_549
550,Node_550
551,Node_551
552,Node_552
553,Node_553
554,Node_554
555,Node_555
556,Node_556
557,Node_557
558,Node_558
559,Node_559
560,Node_560
561,Node_561
562,Node_562
563,Node_563
564,Node_564
565,Node_565
566,Node_566
567,Node_567
568,Node_568
569,Node_569
570,Node_570
571,Node_571
572,Node_572
573,Node_573
574,Node_574
575,Node_575
576,Node_576
577,Node_577
578,Node_578
579,Node_579
580,Node_580
581,Node_581
582,Node_582
583,Node_583
584,Node_584
585,Node_585
586,Node_586
587,Node_587
588,Node_588
589,Node_589
590,Node_590
591,Node_591
592,Node_592
593,Node_593
594,Node_594
595,Node_595
596,Node_596
597,Node_597
598,Node_598
599,Node_599
600,Node_600
601,Node_601
602,Node_602
603,Node_603
604,Node_604
605,Node_605
606,Node_606
607,Node_607
608,Node_608
609,Node_609
610,Node_610
611,Node_611
612,Node_612
613,Node_613
614,Node_614
615,Node_615
616,Node_616
617,Node_617
618,Node_618
619,Node_619
620,Node_620
621,Node_621
622,Node_622
623,Node_623
624,Node_624
625,Node_625
626,Node_626
627,Node_627
628,Node_628
629,Node_629
630,Node_630
631,Node_631
632,Node_632
633,Node_633
634,Node_634
635,Node_635
636,Node_636
637,Node_637
638,Node_638
639,Node_639
640,Node_640
641,Node_641
642,Node_642
643,Node_643
644,Node_644
645,Node_645
646,Node_646
647,Node_647
648,Node_648
649,Node_649
650,Node_650
651,Node_651
652,Node_652
653,Node_653
654,Node_654
655,Node_655
656,Node_656
657,Node_657
658,Node_658
659,Node_659
660,Node_660
661,Node_661
662,Node_662
663,Node_663
664,Node_664
665,Node_665
666,Node_666
667,Node_667
668,Node_668
669,Node_669
670,Node_670
671,Node_671
672,Node_672
673,Node_673
674,Node_674
675,Node_675
676,Node_676
677,Node_677
678,Node_678
679,Node_679
680,Node_680
681,Node_681
682,Node_682
683,Node_683
684,Node_684
685,Node_685
686,Node_686
687,Node_687
688,Node_688
689,Node_689
690,Node_690
691,Node_691
692,Node_692
693,Node_693
694,Node_694
695,Node_695
696,Node_696
697,Node_697
698,Node_698
699,Node_699
700,Node_700
701,Node_701
702,Node_702
703,Node_703
704,Node_704
705,Node_705
706,Node_706
707,Node_707
708,Node_708
709,Node_709
710,Node_710
711,Node_711
712,Node_712
713,Node_713
714,Node_714
715,Node_715
716,Node_716
717,Node_717
718,Node_718
719,Node_719
720,Node_720
721,Node_721
722,Node_722
723,Node_723
724,Node_724
725,Node_725
726,Node_726
727,Node_727
728,Node_728
729,Node_729
730,Node_730
731,Node_731
732,Node_732
733,Node_733
734,Node_734
735,Node_735
736,Node_736
737,Node_737
738,Node_738
739,Node_739
740,Node_740
741,Node_741
742,Node_742
743,Node_743
744,Node_744
745,Node_745
746,Node_746
747,Node_747
748,Node_748
749,Node_749
750,Node_750
751,Node_751
752,Node_752
753,Node_753
754,Node_754
755,Node_755
756,Node_756
757,Node_757
758,Node_758
759,Node_759
760,Node_760
761,Node_761
762,Node_762
763,Node_763
764,Node_764
765,Node_765
766,Node_766
767,Node_767
768,Node_768
769,Node_769
770,Node_770
771,Node_771
772,Node_772
773,Node_773
774,Node_774
775,Node_775
776,Node_776
777,Node_777
778,Node_778
779,Node_779
780,Node_780
781,Node_781
782,Node_782
783,Node_783
784,Node_784
785,Node_785
786,Node_786
787,Node_787
788,Node_788
789,Node_789
790,Node_790
791,Node_791
792,Node_792
793,Node_793
794,Node_794
795,Node_795
796,Node_796
797,Node_797
798,Node_798
799,Node_799
800,Node_800
801,Node_801
802,Node_802
803,Node_803
804,Node_804
805,Node_805
806,Node_806
807,Node_807
808,Node_808
809,Node_809
810,Node_810
811,Node_811
812,Node_812
813,Node_813
814,Node_814
815,Node_815
816,Node_816
817,Node_817
818,Node_818
819,Node_819
820,Node_820
821,Node_821
822,Node_822
823,Node_823
824,Node_824
825,Node_825
826,Node_826
827,Node_827
828,Node_828
829,Node_829
830,Node_830
831,Node_831
832,Node_832
833,Node_833
834,Node_834
835,Node_835
836,Node_836
837,Node_837
838,Node_838
839,Node_839
840,Node_840
841,Node_841
842,Node_842
843,Node_843
844,Node_844
845,Node_845
846,Node_846
847,Node_847
848,Node_848
849,Node_849
850,Node_850
851,Node_851
852,Node_852
853,Node_853
854,Node_854
855,Node_855
856,Node_856
857,Node_857
858,Node_858
859,Node_859
860,Node_860
861,Node_861
862,Node_862
863,Node_863
864,Node_864
865,Node_865
866,Node_866
867,Node_867
868,Node_868
869,Node_869
870,Node_870
871,Node_871
872,Node_872
873,Node_873
874,Node_874
875,Node_875
876,Node_876
877,Node_877
878,Node_878
879,Node_879
880,Node_880
881,Node_881
882,Node_882
883,Node_883
884,Node_884
885,Node_885
886,Node_886
887,Node_887
888,Node_888
889,Node_889
890,Node_890
891,Node_891
892,Node_892
893,Node_893
894,Node_894
895,Node_895
896,Node_896
897,Node_897
898,Node_898
899,Node_899
900,Node_900
901,Node_901
902,Node_902
903,Node_903
904,Node_904
905,Node_905
906,Node_906
907,Node_907
908,Node_908
909,Node_909
910,Node_910
911,Node_911
912,Node_912
913,Node_913
914,Node_914
915,Node_915
916,Node_916
917,Node_917
918,Node_918
919,Node_919
920,Node_920
921,Node_921
922,Node_922
923,Node_923
924,Node_924
925,Node_925
926,Node_926
927,Node_927
928,Node_928
929,Node_929
930,Node_930
931,Node_931
932,Node_932
933,Node_933
934,Node_934
935,Node_935
936,Node_936
937,Node_937
938,Node_938
939,Node_939
940,Node_940
941,Node_941
942,Node_942
943,Node_943
944,Node_944
945,Node_945
946,Node_946
947,Node_947
948,Node_948
949,Node_949
950,Node_950
951,Node_951
952,Node_952
953,Node_953
954,Node_954
955,Node_955
956,Node_956
957,Node_957
958,Node_958
959,Node_959
960,Node_960
961,Node_961
962,Node_962
963,Node_963
964,Node_964
965,Node_965
966,Node_966
967,Node_967
968,Node_968
969,Node_969
970,Node_970
971,Node_971
972,Node_972
973,Node_973
974,Node_974
975,Node_975
976,Node_976
977,Node_977
978,Node_978
979,Node_979
980,Node_980
981,Node_981
982,Node_982
983,Node_983
984,Node_984
985,Node_985
986,Node_986
987,Node_987
988,Node_988
989,Node_989
990,Node_990
991,Node_991
992,Node_992
993,Node_993
994,Node_994
995,Node_995
996,Node_996
997,Node_997
998,Node_998
999,Node_999
1000,Node_1000
