source,target,weight
237,456,0.32
683,425,0.72
742,522,0.72
73,632,0.18
221,336,0.68
8,329,0.96
520,172,0.21
807,100,0.11
486,39,0.45
940,394,0.93
370,88,0.52
408,741,0.68
2,383,0.9
280,272,0.34
75,113,0.42
996,438,0.76
295,780,0.98
779,227,0.83
613,426,0.56
61,130,0.67
141,530,0.34
378,999,0.65
294,265,0.67
668,957,0.59
147,375,0.79
289,183,0.51
401,845,0.2
455,290,0.43
53,99,0.61
109,914,0.26
94,645,0.79
715,702,0.24
534,3,0.28
752,105,0.48
901,195,0.45
708,959,0.76
154,260,0.74
358,473,0.74
339,269,0.57
308,219,0.47
117,297,0.27
905,622,0.12
168,730,0.95
198,828,0.98
886,591,0.81
3,907,0.69
696,355,0.8
947,383,0.26
116,328,0.94
459,958,0.53
87,526,0.15
225,371,0.45
274,38,0.19
137,77,0.27
280,604,0.59
916,632,0.71
4,500,0.89
365,418,0.49
383,834,0.91
339,675,0.34
829,720,0.48
499,324,0.24
549,893,0.72
284,161,0.32
911,395,0.68
411,429,0.95
71,831,0.84
924,588,0.3
216,237,0.37
26,381,0.83
954,275,0.63
22,183,0.19
988,491,0.58
527,238,0.85
933,677,0.51
886,859,0.3
773,800,0.19
7,29,0.95
20,115,0.72
762,562,0.29
90,558,0.19
503,452,0.52
342,583,0.35
180,222,0.82
534,758,0.25
194,509,0.89
301,7,0.94
366,919,0.31
756,637,0.48
762,21,0.49
750,598,0.79
391,271,0.44
987,900,0.14
274,945,0.35
196,114,0.23
533,4,0.98
497,881,0.23
745,835,0.18
876,504,0.12
528,446,0.34
955,412,0.95
256,597,0.22
940,613,0.49
312,591,0.46
57,753,0.77
813,9,0.39
450,734,0.73
274,228,0.68
823,157,0.89
960,952,0.72
848,864,0.48
35,811,0.19
169,633,0.56
621,699,0.2
422,922,0.69
320,452,0.58
569,233,0.44
939,710,0.47
772,58,0.62
570,548,0.95
655,555,0.21
12,126,0.78
713,704,0.88
636,399,0.52
652,83,0.51
20,687,0.28
93,67,0.99
255,876,0.36
530,558,0.13
567,400,0.5
968,713,0.59
122,872,0.26
38,972,0.9
176,850,0.29
703,756,0.73
287,594,0.7
530,408,0.82
367,882,0.83
825,49,0.33
260,233,0.42
175,291,0.74
265,459,0.84
294,227,0.48
684,547,0.82
721,928,0.84
970,676,0.86
754,244,0.41
923,785,0.69
609,404,0.63
403,811,0.38
954,649,0.6
786,82,0.73
155,209,0.24
365,12,0.64
350,697,0.3
671,978,0.5
276,37,0.31
709,319,0.53
479,342,0.69
190,129,0.46
820,604,0.29
789,550,0.15
651,956,0.65
667,703,0.47
129,18,0.11
547,543,0.95
449,464,0.36
811,116,0.66
375,631,0.34
397,451,0.81
995,353,0.99
52,505,0.26
741,76,0.76
955,958,0.79
916,106,0.92
453,492,0.55
26,943,0.42
653,42,0.22
668,653,0.42
689,790,0.46
212,97,0.68
712,443,0.24
577,807,0.58
299,952,0.72
356,562,0.58
1,521,0.6
287,294,0.75
620,381,0.33
779,711,0.34
238,512,0.49
512,444,0.63
901,660,0.27
317,6,0.53
43,150,0.78
510,930,0.85
960,781,0.21
762,396,0.13
882,614,0.41
442,959,0.86
578,853,0.49
115,199,0.28
564,385,0.56
767,927,0.15
809,153,0.5
401,582,0.8
228,391,0.14
949,627,0.92
785,396,0.54
198,343,0.36
701,237,0.73
202,454,0.82
499,10,0.79
986,269,0.21
695,284,0.7
748,411,0.45
589,359,0.77
696,783,0.79
298,604,0.44
635,323,0.18
153,311,0.28
382,824,0.93
520,742,0.66
351,454,0.12
335,939,0.45
152,477,0.57
896,816,0.45
973,31,0.65
400,889,0.84
179,693,0.15
739,749,0.46
154,829,0.81
270,82,0.39
876,207,0.42
514,634,0.93
140,884,0.23
698,607,0.67
996,249,0.4
807,237,0.77
564,391,0.26
132,839,0.41
366,601,0.8
433,373,0.45
279,85,0.7
693,604,0.82
491,817,0.67
192,864,0.56
695,642,0.32
465,99,0.62
297,927,0.9
768,613,0.99
29,293,0.3
471,474,0.51
413,360,0.15
684,656,0.69
623,591,0.72
266,420,0.73
405,828,0.69
82,692,0.11
249,179,0.52
250,80,0.47
694,605,0.92
517,20,0.94
874,481,0.5
798,138,0.96
416,745,0.31
501,137,0.85
698,579,0.45
454,834,0.18
254,165,0.49
953,28,0.29
576,281,0.23
262,797,0.74
478,855,0.56
278,176,0.4
388,227,0.98
606,258,0.97
185,9,0.24
569,749,0.68
833,281,0.95
966,849,0.11
925,746,0.44
693,140,0.79
669,574,0.99
963,755,0.29
217,409,0.48
849,730,0.17
85,637,0.94
918,389,0.81
159,164,0.84
792,189,0.28
904,894,0.97
425,418,0.21
467,551,0.35
769,578,0.24
947,568,1.0
619,329,0.93
583,158,0.24
10,550,0.78
316,442,0.24
712,845,0.37
575,919,0.34
656,510,0.58
878,796,0.62
110,842,0.61
317,380,0.81
981,769,0.23
223,210,0.69
48,651,0.48
434,591,0.79
448,931,0.66
805,52,0.64
803,865,0.72
167,145,0.64
794,509,0.77
244,603,0.96
390,2,0.41
892,755,0.48
167,377,0.7
511,672,0.97
604,610,0.37
286,179,0.42
364,881,0.17
886,642,0.97
568,20,0.74
463,475,0.4
974,64,0.71
59,196,1.0
849,859,0.63
712,127,0.72
304,998,0.71
37,787,0.25
460,567,0.86
13,441,0.24
656,769,0.81
254,854,0.57
750,567,0.29
141,5,0.5
205,874,0.58
307,709,0.13
89,381,0.24
788,963,0.56
119,781,0.43
398,249,0.64
333,240,0.22
545,342,0.11
42,54,0.25
120,544,0.94
242,446,0.34
266,800,0.78
208,534,0.14
549,695,0.81
966,858,0.56
360,847,0.18
380,143,0.48
698,904,0.22
242,453,0.93
440,207,0.11
262,829,0.66
87,437,0.62
219,753,0.98
447,918,0.49
567,349,0.35
526,76,0.27
583,509,0.7
349,751,0.87
816,16,0.43
407,230,0.26
319,499,0.23
992,541,0.57
465,408,0.52
117,27,0.43
382,922,0.12
330,684,0.15
442,815,0.49
969,345,0.36
438,836,0.64
616,920,0.44
259,690,0.67
798,733,0.68
374,489,0.58
90,855,0.62
457,845,0.98
178,258,0.29
444,473,0.24
392,790,0.83
539,43,0.14
272,355,0.49
758,885,0.52
137,649,0.43
582,850,0.98
656,461,0.14
351,704,0.31
106,117,0.44
481,50,0.99
916,492,0.2
921,240,0.65
114,152,0.55
144,964,0.98
414,887,0.26
308,525,0.32
379,705,0.97
974,408,0.86
803,975,0.48
630,808,0.98
267,847,0.57
424,125,0.97
758,388,0.52
488,768,0.95
900,246,0.46
834,792,0.65
407,875,0.41
385,347,0.53
190,380,0.47
230,680,0.7
730,637,0.22
310,608,0.23
952,231,0.17
678,226,0.2
178,200,0.68
48,512,0.25
478,129,0.19
993,377,0.77
622,98,0.84
467,885,0.64
812,340,0.4
109,692,0.15
586,101,0.53
707,738,0.98
731,243,0.63
979,306,0.12
805,556,0.19
573,195,0.96
108,703,0.21
299,744,0.92
626,172,0.18
136,388,0.28
478,199,0.69
170,964,0.59
403,389,0.54
762,874,0.18
873,216,0.69
462,319,0.72
44,571,0.3
848,369,0.4
916,659,0.73
983,326,0.66
440,245,0.41
442,551,0.64
264,619,0.89
873,688,0.12
214,564,0.64
211,792,0.2
920,986,0.1
837,767,0.88
690,538,0.47
211,273,0.13
557,258,0.62
199,728,0.24
891,907,0.66
318,640,0.63
394,331,0.13
690,420,0.12
765,348,0.25
595,234,0.9
643,901,0.69
805,291,0.86
833,807,0.29
398,795,0.5
839,613,0.16
940,935,0.76
37,950,0.67
630,831,0.84
324,693,0.16
670,834,0.34
630,546,0.51
547,828,0.21
615,933,0.78
519,620,0.97
962,439,0.83
838,872,0.34
618,486,0.81
394,522,0.35
584,265,0.95
29,505,0.2
842,143,0.28
620,347,0.6
373,492,0.68
202,410,0.4
467,212,0.39
58,115,0.77
564,167,0.18
650,50,0.68
142,154,0.59
648,985,0.84
169,663,0.65
250,727,0.64
960,413,0.48
765,602,0.27
58,731,0.61
434,27,0.49
210,893,0.34
252,934,0.59
267,208,0.11
852,92,0.61
473,221,0.72
335,76,0.96
238,902,0.47
976,894,0.42
115,265,0.31
229,999,0.1
779,404,0.26
119,911,0.12
492,236,0.25
940,587,0.65
217,294,0.51
489,383,0.89
131,626,0.41
914,614,0.35
542,153,0.26
424,215,0.64
888,44,0.45
88,400,0.91
795,928,0.23
411,932,0.96
647,709,0.95
124,404,0.73
361,260,0.28
735,562,0.85
815,241,0.16
223,111,0.38
769,835,0.18
269,215,0.24
967,350,0.9
892,249,0.73
248,291,0.49
784,347,0.48
677,470,0.32
225,419,0.26
16,904,0.36
46,114,0.25
621,692,0.47
959,215,0.31
408,879,0.31
925,943,0.79
497,90,0.94
31,933,0.6
418,713,0.84
663,284,0.14
522,395,0.89
385,929,0.79
951,820,0.26
684,140,0.59
237,517,0.13
83,157,0.6
651,987,0.27
342,683,0.47
10,23,0.81
210,527,0.78
420,554,0.17
882,593,0.31
878,371,0.79
236,342,0.63
595,947,0.88
90,420,0.68
939,597,0.9
207,781,0.72
306,976,0.83
312,725,0.64
85,802,0.43
317,436,0.98
79,651,0.59
481,252,0.85
908,147,0.22
911,389,0.9
676,318,0.9
199,628,0.86
890,645,0.51
396,865,0.18
111,278,0.77
241,679,0.25
97,234,0.52
175,629,0.33
158,684,0.22
967,348,0.74
123,420,0.38
10,612,0.14
849,746,0.16
427,530,0.87
73,342,0.54
916,247,0.59
330,533,0.61
678,535,0.29
589,852,0.23
721,780,0.16
320,965,0.8
212,819,0.4
322,817,0.51
182,552,0.62
509,294,0.55
75,948,0.13
179,613,0.25
953,857,0.72
539,436,0.43
635,902,0.61
657,371,0.46
237,877,0.34
995,316,0.81
774,215,0.86
835,151,0.64
366,547,0.85
478,328,0.73
960,990,0.58
688,613,0.16
677,867,0.78
585,227,0.47
554,99,0.27
722,472,0.65
734,67,0.86
354,884,0.45
21,426,0.23
689,411,0.81
113,741,0.37
985,420,0.2
26,235,0.83
183,660,0.36
762,967,0.53
165,12,1.0
930,675,0.23
227,451,0.47
876,7,0.87
319,611,0.34
48,827,0.75
756,462,0.12
530,856,0.67
469,836,0.43
431,335,0.76
462,184,0.98
123,377,0.43
613,638,0.63
84,310,0.76
300,349,0.49
157,764,0.32
621,657,0.59
264,115,0.26
345,847,0.98
258,170,0.45
632,139,0.13
434,618,0.76
944,650,0.24
524,643,0.37
728,413,0.58
691,546,0.7
964,796,0.83
107,367,0.39
488,228,0.14
716,16,0.79
104,192,0.62
448,395,0.85
220,517,0.95
611,627,0.88
23,100,0.41
553,767,0.26
805,676,0.83
738,892,0.82
975,562,0.71
262,260,0.94
430,945,0.79
848,114,0.93
290,938,0.3
604,122,0.58
541,844,0.28
834,678,0.95
551,992,0.51
553,595,0.72
121,160,0.67
871,965,0.59
968,912,0.43
775,243,0.18
795,566,0.76
130,61,0.94
230,115,0.9
117,161,0.74
393,9,0.99
759,563,0.86
210,706,0.56
909,105,0.2
320,678,0.9
274,192,0.72
310,785,0.53
740,912,0.78
450,718,0.72
127,575,0.15
504,940,0.96
830,498,0.19
667,295,0.46
605,583,0.21
209,153,0.59
674,19,0.14
829,800,0.54
832,799,0.97
86,309,0.9
483,374,0.88
322,135,0.24
811,298,0.5
836,440,0.71
393,77,0.67
471,929,0.86
380,798,0.36
859,40,0.92
947,279,0.67
154,996,0.29
299,532,0.48
124,625,0.38
584,276,0.23
55,87,0.89
947,558,0.47
216,411,0.87
782,909,0.11
984,845,0.3
20,773,0.26
456,510,0.52
708,711,0.36
72,25,0.52
457,36,0.31
346,283,0.59
609,633,0.12
57,71,0.59
249,554,0.19
289,785,0.27
373,988,0.37
889,659,0.92
125,364,0.58
177,131,0.65
484,305,0.84
609,124,0.69
187,390,0.83
406,905,0.61
901,434,0.37
737,981,0.84
940,515,0.51
836,916,0.64
409,862,0.98
929,738,0.54
595,665,0.32
121,917,0.51
850,281,0.41
168,82,0.9
166,110,0.93
220,957,0.29
398,67,0.22
119,36,0.11
62,526,0.1
526,698,0.36
429,727,0.15
398,949,0.61
292,760,0.65
317,459,0.14
589,730,0.78
73,948,0.57
524,429,0.74
757,141,0.35
438,793,0.48
826,413,0.27
673,366,0.87
761,393,0.51
552,855,0.39
874,239,0.43
733,559,0.74
887,671,0.46
373,640,0.49
858,124,0.9
606,214,0.99
854,604,0.47
299,397,0.22
748,752,0.2
483,224,0.61
166,567,0.59
978,279,0.19
432,54,0.98
889,696,0.17
542,551,0.63
135,600,0.31
956,589,0.51
554,304,0.52
728,826,0.35
386,126,0.72
913,187,0.58
330,149,0.41
729,179,0.17
222,290,0.66
875,187,0.92
578,132,0.53
699,600,0.79
451,818,0.94
283,189,0.59
725,330,0.5
701,632,0.36
810,645,0.48
819,327,0.88
432,244,0.95
547,558,0.83
89,354,0.76
348,125,0.77
191,944,0.45
899,997,0.62
718,459,0.2
214,540,0.94
253,155,0.33
806,861,0.2
465,889,0.81
509,799,0.81
610,206,0.66
964,90,0.73
490,264,0.55
725,265,0.39
478,389,0.48
736,456,0.88
479,449,0.25
983,545,0.14
852,430,0.39
349,285,0.27
778,382,0.63
862,92,0.6
781,527,0.98
14,460,0.19
719,240,0.88
119,608,0.42
763,101,0.21
380,23,0.47
97,559,0.21
837,518,0.69
49,373,0.61
357,502,0.3
1000,958,0.28
723,868,0.38
52,418,0.1
322,330,0.58
739,408,0.42
930,572,0.42
116,422,0.84
354,45,0.39
276,969,0.92
745,705,0.73
902,618,0.5
691,753,0.82
626,129,0.15
870,740,0.77
500,345,0.3
617,878,0.79
527,824,0.83
930,193,0.77
219,633,0.82
151,687,0.83
830,190,0.24
279,505,0.98
693,100,0.98
875,995,0.14
764,834,0.19
68,765,0.65
651,534,0.17
22,633,0.9
354,367,0.83
540,978,0.3
104,308,0.57
83,21,0.83
245,753,0.58
121,2,0.53
699,173,0.8
329,561,0.26
759,2,0.98
970,726,0.73
971,267,0.94
973,467,0.15
613,857,0.26
891,513,0.88
412,735,0.53
169,953,0.47
6,37,0.32
967,581,0.98
482,160,0.8
915,202,0.7
264,478,0.23
954,777,0.76
352,840,0.18
711,773,0.63
574,934,0.33
839,552,0.6
186,168,0.7
644,836,0.18
576,964,0.46
398,855,0.44
861,571,0.56
38,218,0.54
893,24,0.96
686,648,0.39
480,133,0.83
922,422,0.84
461,253,0.36
553,269,0.13
982,668,0.14
144,145,0.48
165,828,0.8
751,888,0.55
151,230,0.67
133,563,0.11
653,795,0.54
991,680,0.54
583,277,0.66
855,360,0.98
188,522,0.77
96,656,0.78
196,407,0.9
418,364,0.12
953,868,0.93
80,794,0.41
86,382,0.67
863,769,0.94
731,364,0.55
695,426,0.4
165,434,0.74
242,495,0.13
23,85,0.16
877,739,0.61
186,606,0.33
458,891,0.81
541,688,0.74
119,921,0.56
933,10,0.19
526,243,0.14
565,960,0.4
358,710,0.3
887,331,0.92
458,389,0.62
498,855,0.48
736,156,0.48
140,157,0.81
298,58,0.55
518,924,0.76
611,112,0.85
569,626,0.23
577,593,0.71
442,66,0.91
786,33,0.43
833,475,0.44
35,711,0.21
602,604,0.33
388,676,0.41
392,415,0.49
874,164,0.56
655,550,0.27
832,331,0.4
758,824,0.55
10,789,0.3
636,49,0.1
5,425,0.6
564,79,0.41
875,538,0.62
378,492,0.39
460,630,0.36
752,331,0.32
450,565,0.56
426,662,0.91
838,318,0.73
274,881,0.81
461,194,0.95
579,345,0.3
12,146,0.55
393,191,0.61
496,9,0.53
61,899,0.24
532,281,0.55
895,797,0.25
724,371,0.41
711,216,0.15
911,448,0.48
46,425,0.26
208,93,0.77
908,784,0.18
271,516,0.37
701,778,0.71
167,226,0.14
258,111,0.24
395,465,0.75
663,359,0.47
966,332,0.46
2,272,0.41
395,690,0.18
800,192,0.78
622,337,0.17
551,117,0.69
393,529,0.48
658,835,0.77
376,173,0.59
306,850,0.83
570,591,0.18
790,793,0.99
456,389,0.74
72,967,0.43
852,854,0.9
814,791,0.21
936,92,0.19
41,367,0.81
286,174,0.15
693,88,0.92
215,31,0.96
688,663,0.84
450,478,0.37
948,131,0.87
234,537,0.9
798,204,0.53
454,291,0.5
509,671,0.76
24,763,0.82
214,222,0.9
830,495,0.77
692,552,0.96
256,764,0.17
311,701,0.97
950,243,0.28
851,494,0.15
692,616,0.93
175,356,0.46
979,145,0.24
584,107,0.83
70,378,0.14
946,828,0.39
496,146,0.91
653,192,0.19
458,477,0.65
210,631,0.51
669,888,0.23
407,54,0.44
683,495,0.73
521,454,0.38
719,703,0.48
261,392,0.9
85,470,0.96
183,133,0.26
370,788,0.53
357,217,0.86
517,852,0.54
996,764,0.19
676,495,0.94
806,977,0.21
664,90,0.38
818,280,0.97
227,918,0.1
939,821,0.35
834,286,0.36
417,141,0.41
256,657,0.85
884,605,0.17
614,208,0.59
166,491,0.41
51,148,0.25
781,29,0.32
36,446,0.95
854,809,0.91
702,731,0.23
741,926,0.18
94,981,0.23
666,999,0.18
277,170,0.71
241,351,0.79
445,5,0.6
367,625,0.17
23,240,0.64
916,866,0.84
308,358,0.77
856,357,0.89
434,402,0.33
864,831,0.23
295,726,0.39
774,259,0.76
256,657,0.49
616,900,0.53
701,306,0.27
65,726,0.17
69,158,0.53
232,340,0.96
310,945,0.94
869,456,0.61
911,865,0.67
588,210,0.65
161,587,0.93
901,888,0.43
883,622,0.4
425,833,0.88
931,259,0.41
529,400,0.8
258,189,0.18
152,244,0.91
158,136,0.49
85,117,0.62
544,102,0.4
648,875,0.78
436,647,0.42
595,138,0.28
44,88,0.33
253,477,0.35
947,209,0.8
604,856,0.84
720,512,0.87
99,906,0.52
352,629,0.83
86,42,0.72
806,532,0.88
101,410,0.7
338,137,0.93
32,207,0.36
37,936,0.73
96,565,0.88
418,25,0.83
49,974,0.16
524,864,0.32
668,846,0.39
974,768,0.99
445,168,0.8
774,99,0.59
204,723,0.99
536,390,0.21
282,1,0.72
376,640,0.93
384,185,0.64
676,615,0.21
106,948,0.51
729,880,0.71
194,996,0.49
626,382,0.4
249,61,0.44
687,577,0.61
16,670,0.88
559,305,0.87
737,749,0.18
932,78,0.26
618,425,0.64
613,778,0.66
250,462,0.78
899,827,0.19
162,351,0.36
749,104,0.95
46,115,0.9
95,632,0.41
336,516,0.97
92,241,0.24
711,733,0.66
425,170,0.71
463,660,0.89
729,501,0.91
386,179,0.78
617,660,0.46
408,630,0.28
346,357,0.18
675,969,0.86
439,841,0.51
112,802,0.63
762,801,0.51
2,374,0.57
112,416,0.75
110,39,0.86
339,122,0.7
512,709,0.59
730,765,0.53
382,986,0.22
807,123,0.79
794,337,0.13
432,648,0.94
538,143,0.45
199,554,0.41
723,866,0.89
806,246,0.41
617,470,0.13
701,944,0.76
298,610,0.45
536,839,0.31
516,585,0.31
394,987,0.75
825,478,0.88
503,895,0.11
459,806,0.38
839,284,0.9
448,196,0.69
778,50,0.28
133,180,0.99
293,682,0.24
984,172,0.62
390,693,0.69
524,38,0.86
340,655,0.88
315,417,0.21
785,846,0.77
775,9,0.46
582,978,0.3
612,802,0.54
450,351,0.47
8,855,0.85
925,463,0.7
323,58,0.88
384,770,0.85
242,196,0.18
440,59,0.78
103,931,0.8
753,623,0.89
689,697,0.36
59,646,0.41
648,807,0.52
928,596,0.69
748,701,0.39
972,83,0.93
81,162,0.25
243,415,0.79
120,907,0.77
369,598,0.25
626,43,0.97
692,220,0.93
137,554,0.6
900,158,0.64
798,853,0.26
357,40,0.32
733,840,0.13
982,517,0.77
34,399,0.54
29,253,0.98
336,175,0.69
527,143,0.45
859,935,0.11
945,342,0.64
154,89,0.13
860,112,0.35
430,332,0.74
796,768,0.35
75,205,0.14
118,791,0.26
279,824,0.57
739,485,0.29
252,250,0.95
555,603,0.94
65,509,0.89
515,7,0.62
969,715,0.79
859,546,0.75
91,774,0.51
913,349,0.42
242,545,0.74
808,529,0.83
260,176,0.82
101,989,0.95
681,392,0.79
768,118,0.36
936,197,0.49
115,996,0.88
996,465,0.39
579,93,0.95
890,517,0.79
997,623,0.43
8,261,0.64
79,388,0.14
892,944,0.17
77,583,0.57
109,451,0.3
233,286,0.62
333,280,0.62
563,757,0.98
801,149,0.98
152,809,0.55
436,476,0.45
215,603,0.86
509,472,0.91
15,516,0.54
437,330,0.47
190,188,0.47
373,840,0.76
204,110,0.78
733,716,0.2
28,14,0.47
460,639,0.3
692,929,0.8
641,778,0.34
513,45,0.44
710,95,0.83
968,973,0.21
717,269,0.48
876,750,0.46
431,796,0.74
664,544,0.94
532,615,0.29
947,672,0.5
267,759,0.73
190,483,0.86
852,263,0.48
242,490,0.23
163,973,0.93
405,720,0.69
391,310,0.78
794,747,0.78
40,859,0.92
960,171,0.3
321,259,0.85
308,847,0.56
17,789,0.27
923,231,0.44
735,162,0.17
86,421,0.22
167,79,0.55
131,5,0.99
476,308,0.52
249,382,0.38
999,738,0.55
551,481,0.86
916,891,0.97
247,162,0.72
989,654,0.32
474,119,0.23
957,585,0.57
318,14,0.67
878,7,0.44
428,597,0.86
621,394,0.32
349,475,0.61
225,689,0.38
119,440,0.15
518,358,0.64
618,779,0.45
914,187,0.95
688,626,0.3
970,771,0.8
163,998,0.21
465,189,0.64
808,355,0.32
578,456,0.84
203,470,0.61
475,718,0.31
189,933,0.74
507,308,0.88
850,338,0.73
928,22,0.86
77,493,0.46
184,459,0.51
549,507,0.16
117,349,0.51
455,179,0.97
53,268,0.93
747,458,0.91
48,795,0.49
767,410,0.6
172,9,0.14
576,254,0.27
375,697,0.58
526,562,0.48
866,808,0.35
147,1000,0.29
615,79,0.42
457,275,0.73
602,402,0.35
302,228,0.23
187,493,0.39
411,448,0.54
238,467,0.56
887,426,0.16
515,676,0.95
66,957,0.91
675,851,0.64
857,619,0.97
252,303,0.24
851,286,0.48
140,590,0.75
539,714,0.46
49,224,0.44
636,678,0.68
95,129,0.1
51,525,0.23
996,821,0.79
957,674,0.13
336,248,0.61
500,281,0.27
694,650,0.41
944,954,0.54
118,527,0.21
952,367,0.45
202,369,0.38
720,833,0.98
119,351,0.85
426,257,0.9
859,815,0.96
793,822,0.17
266,920,0.4
538,776,0.16
163,164,0.88
351,569,0.55
550,664,0.76
651,924,0.84
584,945,0.15
917,248,0.9
811,495,0.56
198,162,0.75
60,88,0.97
909,697,0.67
14,801,0.42
813,522,0.31
218,262,0.71
893,267,0.97
911,800,0.28
678,393,0.18
375,302,0.65
433,812,0.34
337,697,0.48
530,590,0.37
356,938,0.95
776,120,0.72
709,205,0.32
592,216,0.12
632,560,0.16
828,363,0.8
439,123,0.29
866,957,0.92
367,457,0.42
982,934,0.89
988,661,0.65
427,823,0.41
536,313,0.54
11,372,0.48
654,47,0.59
213,954,0.12
335,468,0.3
485,559,0.43
988,667,0.39
320,938,0.84
955,129,0.85
817,610,0.63
615,263,0.24
90,663,0.68
416,742,0.69
412,222,0.34
626,995,0.23
144,392,0.16
681,555,0.86
37,231,0.64
673,953,0.17
701,217,0.92
43,378,0.42
151,701,0.87
207,44,0.8
325,616,0.21
267,407,0.35
462,614,0.37
352,917,0.63
513,893,0.25
176,109,0.16
652,212,0.85
129,486,0.49
743,862,0.54
74,400,0.65
93,577,0.51
808,533,0.93
529,391,0.58
789,309,0.18
5,301,0.33
763,645,0.92
78,537,0.85
55,649,0.39
53,182,0.91
553,723,0.35
620,174,0.73
669,908,0.86
407,694,0.92
552,816,0.79
497,169,0.27
881,620,0.69
283,426,0.8
411,59,0.79
500,713,0.84
265,523,0.41
833,937,0.71
685,597,0.92
962,314,0.23
151,842,0.31
157,914,0.47
745,261,0.76
927,327,0.98
446,685,0.7
525,764,0.11
490,649,0.22
360,741,0.97
795,306,0.73
947,1,0.32
117,762,0.86
67,886,0.22
171,919,0.1
557,971,0.86
980,126,0.68
148,938,0.22
913,186,0.43
898,129,0.5
800,64,0.11
422,493,0.27
753,133,0.17
632,435,0.81
219,423,0.78
713,800,0.65
652,331,0.16
392,35,0.32
534,988,0.89
821,278,0.28
287,649,0.73
284,513,0.66
756,286,0.97
75,469,0.11
149,13,0.13
837,989,0.15
574,156,0.59
304,192,0.86
677,799,0.68
808,460,0.93
408,498,0.88
505,272,0.16
145,427,0.2
281,959,0.79
1,638,0.92
549,964,0.31
366,945,0.85
712,790,0.83
79,979,0.33
464,576,0.73
808,885,0.78
309,807,0.69
586,542,0.9
876,311,0.91
52,178,0.55
921,224,0.28
966,635,0.17
722,548,0.54
661,104,0.34
848,120,0.86
953,844,0.24
705,141,0.13
616,594,0.95
699,599,0.75
961,733,0.21
512,269,0.63
615,728,0.47
223,611,0.23
255,138,0.22
57,142,0.9
644,254,0.95
20,413,0.62
477,658,0.4
970,215,0.96
589,202,0.57
864,564,0.36
257,961,0.84
854,257,0.12
842,765,0.39
179,154,0.9
921,657,0.72
719,708,0.62
865,19,0.32
821,318,0.31
126,749,0.77
714,272,0.71
320,925,0.92
123,224,0.54
818,774,0.21
38,691,0.69
378,51,0.34
706,101,0.51
193,972,0.57
459,764,0.52
665,51,0.2
297,396,0.99
510,487,0.95
180,437,0.77
433,46,0.37
309,209,0.16
342,907,0.49
476,340,0.34
531,27,0.25
929,869,0.22
673,907,0.44
822,656,0.89
435,68,0.23
626,132,0.71
123,924,0.32
332,548,0.57
582,584,0.51
918,799,0.21
755,766,0.41
439,120,0.47
831,223,0.35
487,111,0.74
750,299,0.83
982,479,0.13
294,737,0.55
556,342,0.14
33,396,0.8
729,436,0.68
164,83,0.52
157,278,0.54
560,863,0.51
430,804,0.5
431,843,0.39
92,426,0.13
676,469,0.19
871,671,0.95
481,905,0.54
402,685,0.66
867,265,0.98
258,184,0.24
794,345,0.58
582,201,0.88
81,503,0.17
31,296,0.9
516,324,0.54
581,239,0.87
650,414,0.92
658,694,0.53
111,382,0.56
82,62,0.41
703,866,0.98
169,427,0.23
140,574,0.14
183,987,0.4
433,378,0.15
125,777,0.83
824,840,0.81
244,112,0.3
838,104,0.4
860,894,0.17
924,40,0.69
449,83,0.98
337,485,0.87
804,584,0.33
125,575,0.36
75,214,0.5
218,135,1.0
942,429,0.99
715,35,0.8
628,318,0.48
713,67,0.55
129,601,0.82
517,456,0.13
531,973,0.59
182,184,0.29
807,376,0.87
28,102,0.85
327,523,0.49
610,274,0.51
695,25,0.63
998,577,0.13
485,763,0.56
407,270,0.77
365,435,0.36
202,470,0.68
674,466,0.91
550,483,0.24
615,987,0.71
724,73,0.73
444,79,0.83
184,532,0.97
404,390,0.11
340,65,0.42
766,503,0.48
63,387,0.34
48,284,0.73
907,322,0.57
957,791,0.65
101,180,0.15
96,430,0.62
944,395,0.31
869,638,0.57
89,348,0.31
998,429,0.38
417,83,0.99
745,857,0.48
47,517,0.71
982,749,0.81
499,26,0.35
568,111,0.14
107,573,0.75
101,340,0.54
970,291,0.39
387,250,0.36
309,595,0.7
120,787,0.93
494,269,0.74
585,894,0.75
423,378,0.68
453,178,0.12
756,99,0.81
566,180,0.44
130,217,0.65
15,416,0.51
756,677,0.18
508,889,0.47
219,929,0.13
930,323,0.32
899,919,0.2
404,117,0.87
547,239,0.77
516,841,0.19
273,645,0.57
13,587,0.97
590,902,0.16
904,779,0.59
49,970,0.6
474,951,0.76
413,600,0.62
2,205,0.71
999,166,0.16
432,486,0.44
836,544,0.89
312,442,0.54
733,556,0.62
699,763,0.76
545,238,0.79
299,684,0.52
306,533,0.85
201,214,0.17
691,277,0.64
906,88,0.41
377,522,0.56
939,674,0.12
698,280,0.73
359,930,0.63
413,82,0.7
2,393,0.85
315,230,0.11
674,184,0.16
388,363,0.6
587,349,0.16
899,397,0.24
887,406,0.3
361,141,0.54
252,196,0.89
62,1,0.7
857,673,0.2
169,266,0.17
710,162,0.36
67,11,0.52
324,437,0.96
251,156,0.65
262,455,0.86
751,704,0.33
708,381,0.56
268,258,0.72
842,175,0.48
688,179,0.93
595,125,0.95
732,936,0.81
631,295,0.38
757,393,0.88
230,914,0.97
779,776,0.22
303,541,0.51
144,618,0.69
102,787,0.18
325,627,0.64
357,182,0.26
33,630,0.12
196,724,0.97
80,436,0.16
788,738,0.51
480,798,0.76
731,6,0.66
897,65,0.72
781,394,1.0
797,153,0.69
967,154,0.62
179,866,0.91
96,694,0.34
761,682,0.25
722,110,0.24
683,492,0.55
374,240,0.8
412,567,0.56
267,704,0.76
297,812,0.95
593,524,0.5
916,649,0.84
440,551,0.71
328,172,0.37
197,906,0.22
935,192,0.47
370,577,0.34
296,241,0.64
304,362,0.33
335,538,0.87
338,234,0.35
86,806,0.55
363,198,0.55
411,886,0.39
293,866,0.74
596,130,0.31
972,197,0.39
896,343,0.46
214,126,0.34
448,732,0.3
34,428,0.53
330,938,0.92
653,47,0.7
883,780,0.6
565,924,0.62
917,569,0.42
132,264,0.14
926,665,0.71
664,339,0.9
475,231,0.72
178,496,0.22
954,416,0.1
881,414,0.48
377,652,0.13
680,40,0.16
505,699,0.65
554,395,0.96
476,526,0.52
133,200,0.88
366,341,0.95
99,203,0.88
837,923,0.44
899,891,0.65
197,132,0.64
384,931,0.88
561,735,0.35
343,284,0.28
872,792,0.82
89,949,0.48
521,811,0.39
203,797,0.51
970,427,0.66
364,429,0.74
917,787,0.13
877,34,0.64
423,967,0.79
869,586,0.45
231,535,0.99
240,694,0.49
363,148,0.43
473,30,0.21
442,95,0.17
54,255,0.65
819,912,0.64
681,174,0.84
97,245,0.25
665,430,0.91
409,604,0.23
432,455,0.95
148,741,0.96
662,976,0.25
451,371,0.92
695,362,0.32
863,884,0.11
272,727,0.2
595,136,0.76
31,255,0.64
950,612,0.91
778,105,0.99
772,316,0.94
137,578,0.92
509,63,0.54
147,86,0.62
75,626,0.44
907,590,0.3
916,79,0.37
644,803,0.32
209,437,0.17
926,837,0.44
281,222,0.54
261,468,0.37
905,988,0.74
875,286,0.15
247,23,0.72
825,866,0.64
6,836,0.56
255,332,0.86
922,222,0.47
153,687,0.95
654,705,0.85
313,257,0.33
608,510,0.24
921,770,0.22
870,49,0.8
397,917,0.72
745,279,0.15
811,470,0.8
923,460,0.48
907,29,0.95
924,429,0.43
687,447,0.15
835,315,0.43
440,590,0.62
313,82,0.69
457,113,0.82
971,113,0.68
720,719,1.0
962,242,0.74
735,265,0.61
972,910,0.44
165,685,0.42
97,311,0.17
180,33,0.46
760,439,0.99
825,214,0.76
373,294,0.15
775,461,0.34
385,54,0.59
953,310,0.35
594,124,0.47
652,631,0.77
954,666,0.65
542,468,0.69
829,615,0.44
588,965,0.43
732,494,0.56
464,927,0.78
498,856,0.33
131,249,0.39
866,613,0.32
906,226,0.55
784,17,0.65
760,900,0.28
15,993,0.92
443,697,0.87
378,408,0.71
542,931,0.99
135,207,0.45
13,319,0.39
715,694,0.38
274,741,0.98
82,491,0.52
639,344,0.75
605,569,0.66
571,898,0.99
856,14,0.91
505,684,0.47
242,693,0.36
226,300,0.72
215,334,0.96
729,523,0.55
681,135,0.65
98,573,0.94
225,657,0.66
269,70,0.79
648,959,0.66
591,262,0.31
897,216,0.49
873,393,0.16
252,509,0.32
744,316,0.2
646,854,0.81
712,745,0.33
741,993,0.76
224,796,0.51
785,919,0.18
157,462,0.7
766,46,0.4
637,678,0.85
475,136,0.12
91,71,0.16
734,17,0.9
55,516,0.88
497,160,0.92
89,771,0.17
580,454,0.86
737,911,0.55
384,765,0.95
39,350,0.42
254,685,0.22
285,964,0.73
146,364,0.65
180,184,0.76
907,706,0.35
988,577,0.96
924,211,0.48
299,988,0.36
31,55,0.81
238,219,0.32
116,879,0.28
220,614,0.33
663,673,0.4
770,5,0.45
310,257,0.55
864,806,0.97
227,196,0.52
862,498,0.78
134,909,0.87
762,516,0.27
493,253,0.14
980,790,0.62
247,529,0.32
764,845,0.82
501,647,0.19
155,957,0.9
610,599,0.86
674,942,0.37
565,740,0.48
474,513,0.29
323,793,0.49
936,757,0.23
30,379,0.79
319,9,0.77
759,156,0.89
109,554,0.27
591,453,0.54
577,144,0.75
804,41,0.24
34,78,0.19
513,761,0.96
755,16,1.0
513,170,0.91
940,986,0.25
602,195,0.81
675,586,0.69
962,643,0.44
579,36,0.55
885,258,0.11
913,239,0.53
958,736,0.19
94,328,0.39
232,229,0.23
54,13,0.48
877,68,0.36
26,249,0.94
691,249,0.15
291,887,0.24
963,681,0.34
909,373,0.36
794,421,0.87
674,212,0.69
599,178,0.33
528,696,0.25
490,883,0.88
675,903,0.71
364,375,0.63
724,203,0.36
428,459,0.22
20,878,0.4
911,200,0.44
570,349,0.43
470,189,0.92
804,67,0.3
670,399,0.18
406,514,0.71
370,159,0.65
636,706,0.5
315,219,0.54
975,52,0.72
625,366,0.15
419,54,0.31
578,282,0.14
123,594,0.36
907,986,0.43
538,372,0.54
445,61,0.56
572,108,0.71
842,841,0.89
22,126,0.57
240,381,0.14
497,764,0.78
229,999,0.63
646,762,0.69
135,911,0.52
806,740,0.84
494,135,0.92
63,543,0.5
985,516,0.11
287,549,0.66
360,856,0.14
822,405,0.68
21,86,0.27
758,371,0.86
690,43,0.61
536,846,0.55
98,337,0.25
242,579,0.41
770,25,0.83
939,468,0.28
466,346,0.53
273,912,0.18
753,132,0.19
406,386,0.54
710,706,0.71
107,122,0.64
299,63,0.86
762,815,0.83
488,735,0.8
723,539,0.21
251,791,0.13
816,956,0.17
312,270,0.27
54,512,0.47
385,785,0.22
154,952,0.98
242,45,0.16
784,786,0.15
332,26,0.2
450,410,0.81
234,622,0.37
969,716,0.13
635,937,0.24
166,55,0.12
824,781,0.81
161,367,0.8
621,218,0.53
371,255,0.69
837,836,0.93
306,182,0.9
989,258,0.41
441,814,0.1
154,41,0.95
708,803,0.44
705,904,0.82
674,112,0.75
669,778,0.74
947,772,0.86
889,911,0.95
912,413,0.6
792,67,0.5
314,437,0.99
333,802,0.15
197,269,0.5
321,482,0.21
375,240,0.72
948,422,0.16
53,559,0.94
302,477,0.74
694,733,0.15
209,787,0.58
520,83,0.98
858,57,0.49
347,618,0.13
237,607,0.17
846,139,0.69
849,785,0.64
688,406,0.13
422,750,0.64
620,225,0.22
233,941,0.47
844,225,0.31
611,710,0.71
937,93,0.28
656,929,0.91
400,966,0.63
118,144,0.8
818,200,0.35
894,552,0.65
18,202,0.68
837,355,0.56
245,615,0.18
236,284,0.99
623,916,0.78
399,259,0.31
950,325,0.95
313,858,0.78
90,760,0.82
795,887,0.56
383,440,0.98
394,82,0.25
442,128,0.17
218,269,0.91
670,6,0.67
903,816,0.18
386,792,0.4
388,490,0.2
177,842,0.19
763,338,0.55
67,483,0.11
286,292,0.92
612,726,0.72
943,968,0.91
221,538,0.74
288,952,0.23
405,616,0.33
888,328,0.86
231,521,0.81
496,900,0.36
304,298,0.17
589,499,0.53
448,988,0.16
975,534,0.74
941,571,0.99
97,286,0.67
927,241,0.46
90,484,0.46
182,188,0.98
27,385,0.66
657,992,0.88
584,874,0.94
273,389,0.46
841,341,0.32
285,842,0.42
121,273,0.79
770,590,0.38
38,192,0.2
835,98,0.65
343,587,0.15
711,403,0.37
334,631,0.42
940,994,0.66
530,695,0.55
782,623,0.99
34,557,0.65
564,896,0.86
163,154,0.89
683,720,0.69
333,913,0.61
378,234,0.78
440,648,0.57
695,142,0.82
200,637,0.14
685,939,0.14
488,912,0.99
941,903,0.94
82,672,0.71
76,459,0.47
259,58,0.69
298,818,0.68
887,857,0.98
865,879,0.75
133,923,0.47
784,899,0.79
624,97,0.3
397,10,0.5
235,598,0.82
662,476,0.22
117,374,0.49
819,475,0.61
909,204,0.28
627,268,0.74
696,948,0.85
750,911,0.69
67,602,0.1
678,152,0.17
367,60,0.67
138,748,0.6
703,406,0.35
50,701,0.13
168,711,0.78
705,646,0.25
468,685,0.52
137,660,0.32
636,453,0.36
20,982,0.7
357,14,0.47
647,144,0.28
15,252,0.73
93,143,0.51
956,21,0.26
938,910,0.36
722,808,0.59
491,543,0.5
695,76,0.42
307,791,0.66
444,857,0.82
568,655,0.22
700,757,0.52
203,27,0.74
379,227,0.95
977,426,0.86
737,346,0.33
820,463,0.27
24,540,0.56
99,791,0.29
383,322,0.27
949,622,0.5
288,244,0.56
296,669,0.85
106,314,0.62
971,916,0.52
375,985,0.91
503,254,0.98
80,193,0.69
656,742,0.64
798,801,0.52
948,1000,0.55
112,9,0.59
22,916,0.34
200,199,0.51
438,970,0.65
957,128,0.56
182,776,0.77
200,812,0.32
417,867,0.56
254,817,0.33
953,483,0.15
969,70,0.61
461,888,0.68
754,566,0.73
343,211,0.5
955,397,0.48
974,915,0.86
373,345,0.24
58,610,0.63
954,841,0.81
156,704,0.26
119,507,0.37
787,593,0.75
891,637,0.84
14,16,0.32
244,846,0.35
855,493,0.28
694,79,0.46
522,774,0.93
548,492,0.13
286,674,0.69
386,371,0.82
916,679,0.27
181,161,0.15
355,591,0.86
815,647,0.57
411,483,0.99
178,219,0.86
734,386,0.76
322,787,0.29
269,439,0.85
609,562,0.18
597,613,0.35
490,80,0.73
610,353,0.67
160,530,0.7
54,308,0.79
21,386,0.47
730,882,0.81
329,389,0.6
931,163,0.22
298,855,0.28
113,225,0.64
755,867,0.68
793,812,0.16
376,499,0.43
651,721,0.64
246,327,0.62
571,831,0.21
458,349,0.31
596,495,0.88
122,706,0.58
922,860,0.8
680,389,0.2
218,950,0.65
599,319,0.45
120,396,0.97
237,781,0.6
11,179,0.55
855,310,0.72
167,574,0.59
723,786,0.21
241,520,0.61
896,150,0.55
47,787,0.32
553,61,0.13
562,956,0.23
867,712,0.64
181,759,0.31
110,225,0.32
136,604,0.67
539,720,0.76
864,831,0.43
600,235,0.88
503,320,0.77
601,347,0.97
811,946,0.18
985,833,0.25
822,340,0.61
313,132,0.14
457,925,0.17
105,288,0.61
358,71,0.8
920,682,0.68
267,466,0.82
931,572,0.18
738,655,0.97
58,179,0.82
394,236,0.37
155,768,0.52
880,406,0.49
135,401,0.37
595,934,0.62
450,637,0.67
341,235,0.62
90,818,0.17
483,28,0.9
261,39,0.76
779,950,0.42
638,984,0.19
308,588,0.64
147,145,0.88
994,356,0.74
5,968,0.16
677,619,0.54
774,694,0.68
738,391,0.26
256,665,0.29
349,490,1.0
675,266,0.85
141,276,0.71
665,22,0.99
329,597,0.66
774,26,0.56
252,305,0.72
699,1000,0.11
814,654,0.57
430,104,0.99
886,848,0.22
312,504,0.62
748,414,1.0
355,482,0.85
122,331,0.87
531,539,0.82
623,515,0.67
76,599,0.96
329,348,0.85
308,186,0.29
601,7,0.52
532,903,0.57
774,898,0.48
238,516,0.95
223,701,0.21
856,569,0.35
559,763,0.4
656,163,0.37
824,342,0.26
989,106,0.31
201,144,0.39
974,893,0.74
597,999,0.69
565,86,0.17
889,42,0.53
947,540,0.78
709,169,0.93
335,806,0.78
14,925,0.38
556,620,0.24
902,408,0.49
538,733,0.87
705,928,0.64
708,336,0.21
684,294,0.52
317,865,0.29
690,982,0.28
725,301,0.4
297,654,0.43
760,855,0.89
738,735,0.56
399,463,0.6
258,716,0.15
211,157,0.75
922,451,0.38
862,818,0.93
427,259,0.64
966,156,0.19
887,256,0.12
937,214,0.32
681,615,0.27
845,349,0.11
381,203,0.13
231,201,0.43
605,473,0.89
950,793,0.85
357,925,0.4
431,934,0.18
649,682,0.52
235,20,0.2
904,330,0.33
564,783,0.87
483,118,0.9
139,159,0.82
83,106,0.25
282,926,0.65
514,771,0.28
787,740,0.76
991,539,0.76
590,819,0.6
739,755,0.89
128,464,0.3
853,264,0.36
301,781,0.1
457,908,0.36
180,795,0.61
977,741,0.69
671,369,0.31
469,530,0.95
718,390,0.23
138,854,0.51
71,265,0.48
973,27,0.85
182,589,0.88
722,652,0.33
752,950,0.53
838,350,0.71
736,754,0.41
389,272,0.73
413,874,0.89
111,442,0.64
435,279,0.57
771,708,0.64
865,325,0.52
444,473,0.33
210,707,0.72
327,588,0.31
564,264,0.37
900,312,0.34
305,660,1.0
175,174,0.81
454,815,0.36
35,896,0.82
710,933,0.42
771,772,0.75
942,468,0.79
534,300,0.15
587,219,0.77
503,739,0.48
266,816,0.69
188,100,0.59
913,847,0.36
72,279,0.61
552,919,0.64
337,957,0.22
234,927,0.84
601,743,0.82
956,612,0.23
870,292,0.23
291,457,0.95
894,69,0.68
155,457,0.84
712,322,0.28
887,201,0.34
251,216,0.51
7,79,0.17
282,376,0.61
695,325,0.68
359,711,0.62
675,537,0.13
473,448,0.62
54,650,0.27
487,559,0.6
462,941,0.34
30,870,0.84
708,999,0.66
180,340,0.4
461,449,0.91
505,694,0.51
584,299,0.97
812,437,0.88
977,610,0.79
543,597,0.91
535,541,0.9
54,431,0.62
949,751,0.27
935,783,0.14
717,906,0.14
956,264,0.6
231,843,0.63
126,489,0.66
847,788,0.64
621,601,0.68
928,53,0.89
975,895,0.65
275,541,0.87
689,783,0.84
326,455,0.85
731,643,0.48
129,171,0.7
450,69,0.47
497,601,0.76
586,595,0.46
37,424,0.13
338,353,0.95
251,169,0.51
547,313,0.54
20,492,0.5
340,466,0.17
207,480,0.23
520,839,0.6
863,911,0.88
824,369,0.52
505,502,0.66
785,263,0.87
27,971,0.72
562,969,0.55
803,705,0.44
829,758,0.42
967,931,0.26
964,885,0.72
435,911,0.2
292,68,0.53
857,525,0.61
985,221,0.4
98,132,0.82
583,132,0.47
140,685,0.91
421,331,0.21
503,620,0.82
104,829,0.61
175,622,0.74
112,251,0.63
564,276,0.64
807,755,0.59
125,239,0.35
695,684,0.79
23,124,0.56
697,963,0.48
510,66,0.73
830,875,0.57
815,698,0.96
532,360,0.51
811,320,0.49
386,595,0.23
432,501,0.44
651,457,0.21
641,870,0.72
615,758,0.82
923,842,0.29
539,891,0.16
141,834,0.7
847,227,0.52
12,625,0.52
200,514,0.51
659,681,0.15
945,40,0.98
53,929,0.22
411,480,0.29
632,964,0.11
615,195,0.67
761,256,0.59
157,804,0.88
272,886,0.25
574,837,0.89
851,613,0.45
700,398,0.82
104,298,0.44
441,159,0.47
963,516,0.15
879,386,0.33
22,885,0.69
953,827,0.17
746,942,0.13
724,665,0.19
995,290,0.99
332,923,0.38
789,757,0.32
201,281,0.51
699,160,0.29
562,943,0.65
418,650,0.43
552,797,0.88
837,783,0.65
687,575,0.12
776,888,0.73
882,904,0.33
866,129,0.5
805,319,0.63
840,972,0.81
540,780,0.26
889,222,0.38
888,378,0.73
493,761,0.49
62,253,0.91
598,331,0.28
327,64,0.92
289,544,0.89
324,261,0.65
936,416,0.45
340,606,0.17
258,179,0.85
796,409,0.28
299,769,0.54
9,990,0.18
436,376,0.97
641,840,0.21
820,908,0.33
791,499,0.27
876,167,0.95
451,391,0.1
31,908,0.82
659,635,0.49
311,586,0.28
541,162,0.28
696,297,0.84
311,58,0.23
532,295,0.66
350,663,0.35
231,753,0.8
957,628,0.29
135,455,0.86
497,552,0.4
437,753,0.18
320,355,0.44
476,874,0.35
864,234,0.42
150,664,0.8
627,946,0.37
65,165,0.63
297,509,0.59
912,523,0.99
100,624,0.49
559,606,0.46
756,539,0.46
180,86,0.64
161,867,0.95
65,244,0.93
347,845,0.79
876,102,0.14
593,328,0.27
689,461,0.43
991,530,0.78
171,882,0.78
935,657,0.74
643,933,0.81
547,582,0.87
448,24,0.7
744,570,0.32
327,655,0.81
517,204,0.23
999,106,0.98
139,362,0.52
629,139,0.11
281,382,0.23
648,346,0.15
203,553,0.21
337,780,0.4
265,260,0.78
318,908,0.69
972,667,0.91
701,56,0.99
195,449,0.67
542,792,0.39
4,991,0.98
861,744,0.24
491,627,0.66
252,341,0.13
263,854,0.41
477,82,0.27
947,967,0.24
763,942,0.83
766,98,0.13
703,817,0.34
318,271,0.35
238,690,0.62
848,595,0.58
331,456,0.2
151,645,0.88
294,381,0.44
352,59,0.8
102,651,0.88
116,506,0.35
642,500,0.8
467,648,0.12
498,43,0.12
684,729,0.8
107,291,0.41
165,458,0.5
502,166,0.95
661,235,0.59
553,406,0.54
655,413,0.4
550,669,0.1
382,870,0.51
492,124,0.3
417,599,0.7
823,184,0.65
432,384,0.98
940,805,0.42
375,114,0.55
629,432,0.4
345,359,0.2
88,898,0.57
525,817,0.1
632,221,0.67
895,412,0.27
846,51,0.86
297,505,0.79
302,421,0.59
308,167,0.52
871,59,0.68
694,701,0.28
275,303,0.87
588,522,0.93
588,476,0.82
966,325,0.72
245,259,0.55
77,699,0.91
720,469,0.87
24,369,0.98
335,996,0.92
40,909,0.45
449,903,0.56
843,211,0.87
28,897,0.44
422,35,0.44
659,79,0.33
863,601,0.51
451,90,0.42
663,629,0.65
712,212,0.78
646,840,0.53
353,406,0.47
746,406,0.94
572,697,0.62
505,272,0.36
680,574,0.24
625,920,0.9
126,543,0.22
386,216,0.33
520,727,0.57
523,917,0.55
967,605,0.88
765,358,0.47
388,704,0.76
580,827,0.39
872,987,0.87
242,304,0.32
114,839,0.54
370,896,0.99
862,9,0.44
984,807,0.76
20,427,0.59
456,936,0.51
398,228,0.45
462,908,0.27
380,586,0.83
748,835,0.76
256,177,0.37
891,870,0.8
17,549,0.88
331,459,0.65
917,907,0.19
978,297,0.36
409,483,0.45
67,539,0.65
851,601,0.68
406,86,0.92
842,600,0.4
342,988,0.32
460,751,0.3
604,650,0.7
289,83,0.15
820,407,0.19
542,358,0.49
28,415,0.78
952,134,0.23
69,806,0.66
430,320,0.48
848,880,0.74
213,272,0.43
153,175,0.58
779,192,0.59
452,971,0.38
628,293,0.6
285,795,0.51
728,244,0.16
858,448,0.95
49,5,0.51
862,413,0.83
50,905,0.68
724,200,0.28
761,647,0.42
446,479,0.73
528,311,0.85
303,226,0.29
508,590,0.92
104,704,0.97
86,213,0.7
905,126,0.57
653,728,0.84
668,551,0.28
468,481,0.43
600,897,0.51
874,484,0.22
423,194,0.45
205,936,0.78
798,363,0.84
714,302,0.61
13,989,0.26
648,116,0.54
915,158,0.3
881,619,0.71
131,732,0.96
504,193,0.83
749,85,0.69
367,895,0.57
811,536,0.23
334,281,0.81
575,405,0.7
399,92,0.46
108,591,0.5
378,87,0.2
948,627,0.38
342,215,0.5
541,617,0.58
857,310,0.35
894,298,0.57
918,627,0.71
43,582,0.93
902,418,0.28
747,844,0.46
287,136,0.92
347,948,0.28
554,411,0.74
786,688,0.57
465,543,0.84
434,425,0.91
246,756,0.52
660,170,0.41
210,468,0.46
778,864,0.66
722,987,0.59
392,846,0.84
793,606,0.32
850,643,0.78
997,768,0.6
358,600,0.22
144,395,0.75
904,644,0.96
286,183,0.82
991,840,0.87
897,700,0.55
835,242,0.23
296,982,0.76
501,658,0.91
104,606,0.62
453,978,0.54
592,71,0.17
961,596,0.84
569,650,0.16
409,46,0.57
883,860,0.95
812,860,0.77
133,867,0.49
939,697,0.54
793,674,0.58
822,658,0.38
543,683,0.91
928,988,0.47
612,582,0.12
399,548,0.46
327,376,0.52
197,52,0.29
249,356,0.38
140,370,0.44
892,110,0.78
313,891,0.49
444,466,0.88
831,707,0.58
165,845,0.99
404,955,0.53
763,712,0.88
927,952,0.89
89,83,0.81
344,83,0.86
559,213,0.47
758,14,0.85
779,608,0.83
803,652,0.63
12,356,0.64
13,459,0.79
494,711,0.5
580,313,0.84
320,512,0.78
431,784,0.55
376,292,0.52
780,673,0.94
294,65,0.87
826,537,0.77
181,921,0.16
857,815,0.53
841,915,0.45
433,202,0.15
544,502,0.86
383,371,0.83
573,856,0.41
806,907,0.79
986,652,0.51
586,613,0.53
29,345,0.83
273,238,0.49
251,284,0.52
86,482,0.22
507,42,0.25
597,945,0.15
326,151,0.38
382,793,0.29
712,924,0.27
860,293,0.94
338,247,0.66
109,39,0.85
21,210,0.69
820,721,0.6
676,411,0.74
733,133,0.63
760,346,0.19
938,122,0.28
430,452,0.45
24,731,0.67
541,570,0.34
679,481,0.76
740,697,0.91
554,873,0.6
284,4,0.21
787,820,0.86
829,239,0.31
533,13,0.64
28,701,0.26
767,48,0.17
410,355,0.62
144,262,0.78
306,613,0.24
42,417,0.88
775,800,0.37
572,908,0.78
132,577,0.87
704,708,0.66
494,935,0.74
879,193,0.35
71,379,0.75
76,66,0.6
590,911,0.41
176,807,0.56
851,314,0.54
830,963,0.3
505,760,0.77
11,893,0.16
290,691,0.4
685,940,0.22
347,176,0.36
911,420,0.27
550,956,0.52
272,848,0.15
313,667,0.64
689,716,0.6
280,573,0.12
277,234,0.88
289,540,0.47
398,859,0.49
690,476,0.53
540,611,0.99
66,621,0.82
158,126,0.26
680,993,0.49
406,909,0.57
971,416,0.25
316,923,0.29
79,210,0.33
71,285,0.63
853,520,0.28
507,821,0.39
573,347,0.48
894,852,0.43
566,370,0.97
433,656,0.73
38,23,0.44
147,25,0.39
624,665,0.95
366,287,0.12
733,569,0.66
616,676,0.18
486,24,0.6
162,447,0.42
488,902,0.94
586,566,0.49
583,427,0.25
80,375,0.1
892,32,0.96
495,112,0.91
27,8,0.88
191,679,0.75
485,50,0.4
112,312,0.61
884,612,0.94
383,295,0.78
642,665,0.64
500,71,0.75
961,411,0.93
479,602,0.76
783,514,0.77
982,341,0.91
244,208,0.86
860,448,0.5
894,191,0.16
360,825,0.96
680,566,0.26
250,977,0.85
89,709,0.68
255,120,0.11
568,232,0.88
140,478,0.23
702,904,0.95
286,364,1.0
181,444,0.67
46,870,0.37
95,637,0.7
992,900,0.11
69,433,0.93
906,22,0.86
857,172,0.98
148,326,0.92
288,916,0.67
144,582,0.23
451,774,0.6
627,618,0.7
847,46,0.89
920,520,0.51
488,824,0.61
294,600,0.4
740,3,0.44
910,918,0.93
121,513,0.7
97,447,0.77
234,875,0.99
118,302,0.31
678,1,0.79
200,250,0.82
978,198,0.75
953,442,0.35
168,145,0.95
492,833,0.58
305,976,0.43
979,76,0.4
343,999,0.68
728,408,0.3
873,139,0.87
973,509,0.19
232,702,0.54
838,514,0.26
100,740,0.79
369,100,0.5
424,83,0.85
841,284,0.64
132,468,0.12
352,883,0.7
701,273,0.82
670,193,0.79
89,680,0.39
310,426,0.81
751,275,0.55
997,814,0.72
348,512,0.2
859,968,0.57
319,552,0.79
410,946,0.3
586,992,0.1
368,480,0.57
145,309,0.36
784,543,0.38
310,134,0.28
277,711,0.58
802,555,0.96
40,753,0.17
749,948,0.39
930,909,0.38
511,7,0.62
361,640,0.89
489,690,0.57
592,641,0.67
429,149,0.77
123,618,0.36
24,678,0.9
476,919,0.82
660,234,0.77
681,37,0.47
816,841,0.53
976,524,0.98
443,232,0.51
772,949,0.86
383,935,0.54
665,253,0.94
933,549,0.28
747,113,0.62
883,667,0.41
762,224,0.8
480,769,0.33
483,916,0.64
95,806,0.56
421,903,0.79
631,874,0.27
904,645,0.71
865,792,0.36
551,180,0.27
82,972,0.68
661,710,0.57
356,614,0.35
533,289,0.58
273,69,0.64
301,977,0.75
615,873,0.8
419,476,0.82
617,696,0.34
294,269,0.11
805,991,0.64
966,284,0.79
405,498,0.15
302,418,0.29
744,313,0.62
889,100,0.88
962,954,0.41
896,175,0.15
695,774,0.2
114,682,0.44
405,18,0.48
919,134,0.69
638,915,0.6
956,159,0.56
679,944,0.48
699,545,0.4
104,434,0.21
702,236,0.94
488,369,0.11
981,800,0.56
475,908,0.63
27,898,0.82
931,819,0.63
374,624,0.45
334,711,0.74
387,570,0.82
277,45,0.57
854,373,0.69
374,330,0.79
85,722,0.73
400,320,0.84
429,110,0.88
440,292,0.14
978,443,0.55
745,630,0.46
324,654,0.3
925,839,0.64
723,624,0.32
688,483,0.72
49,812,0.49
630,724,0.72
397,679,0.78
965,128,0.25
818,812,0.62
363,12,0.54
531,227,0.5
732,680,0.76
923,188,0.96
654,242,0.89
37,751,0.24
698,186,0.92
406,988,0.93
421,463,0.55
104,822,0.86
266,414,0.55
508,959,0.85
548,664,0.14
81,456,0.32
711,926,0.77
974,511,0.98
266,455,0.47
503,140,0.45
352,580,0.81
224,909,0.64
886,772,0.88
846,305,0.51
997,490,0.29
627,847,0.64
216,5,0.94
699,33,0.64
211,848,0.14
221,292,0.21
496,511,0.45
779,705,0.29
368,569,0.34
238,633,0.64
737,493,0.28
331,662,0.3
907,600,0.48
863,748,0.68
630,687,0.76
87,394,0.85
948,567,0.29
622,84,0.81
706,464,0.16
658,321,0.19
455,284,0.27
661,377,0.67
625,40,0.34
604,245,0.65
354,496,0.32
562,178,0.11
587,172,0.48
56,559,0.84
324,29,0.17
365,585,0.32
138,556,0.27
501,283,0.79
380,517,0.81
825,489,0.57
356,43,0.4
471,603,0.42
394,512,0.47
995,248,0.87
327,315,1.0
511,313,0.31
148,192,0.46
344,314,0.94
158,119,0.42
185,983,0.78
233,347,0.23
931,625,0.2
49,444,0.86
422,64,1.0
941,878,0.66
853,272,0.52
290,207,0.42
707,867,0.8
393,557,0.43
366,605,0.38
593,787,0.71
994,377,0.19
361,325,0.57
890,169,0.72
978,347,0.5
408,131,0.59
448,792,0.23
126,656,0.25
599,813,0.75
787,420,0.56
327,791,0.94
464,368,0.76
58,274,0.21
534,844,0.86
471,622,0.94
540,401,0.41
868,57,0.15
918,277,0.54
862,143,0.26
561,970,0.82
185,191,0.91
190,305,0.48
55,658,0.6
709,142,0.94
61,480,0.99
391,16,0.64
964,155,0.19
744,486,0.77
972,437,0.37
728,77,0.96
437,762,0.72
751,461,0.51
287,99,0.2
635,422,0.73
627,148,0.84
74,225,0.65
271,314,0.23
1,69,0.5
934,71,0.91
371,109,0.26
487,415,0.85
594,811,0.61
61,114,0.74
978,331,0.77
241,937,0.82
818,955,0.87
703,129,0.95
364,486,0.96
446,681,0.77
852,785,0.33
880,94,0.22
685,866,0.34
145,109,0.32
729,244,0.71
436,114,0.65
440,218,0.88
39,246,0.53
929,305,0.71
823,363,0.86
875,883,0.63
384,366,0.53
557,507,0.77
888,282,0.58
733,405,0.9
57,160,0.6
919,790,0.4
215,626,0.2
848,802,0.55
475,602,0.81
967,521,0.74
928,983,0.85
287,55,0.59
919,397,0.99
758,118,0.79
77,705,0.31
98,903,0.33
555,455,0.67
247,405,0.77
157,445,0.94
961,916,0.98
721,301,0.69
471,955,0.28
318,943,0.48
139,725,0.34
134,319,0.46
648,40,0.26
296,250,0.17
286,885,0.29
903,317,0.76
46,170,0.75
872,726,0.52
524,235,0.93
598,749,0.21
344,721,0.19
757,707,0.88
487,649,0.6
638,211,0.12
78,39,0.1
959,50,0.72
164,802,0.7
58,513,0.51
578,699,0.13
682,353,0.99
873,177,0.24
461,346,0.51
854,732,0.22
832,174,0.15
786,73,0.59
462,907,0.58
410,472,0.22
615,788,0.7
494,635,0.16
161,14,0.87
451,481,0.21
650,634,0.69
382,202,0.59
185,480,0.38
826,698,0.6
396,148,0.9
6,1,0.71
553,780,0.52
753,332,0.88
398,198,0.69
296,753,0.44
188,679,0.79
803,128,0.36
681,859,0.94
31,863,0.49
982,953,0.12
369,239,0.52
57,816,0.89
259,342,0.17
827,583,0.55
3,320,0.17
809,641,0.53
54,336,0.75
155,702,0.13
127,497,0.28
170,577,0.9
978,819,0.95
919,179,0.59
509,967,0.62
849,490,0.98
371,380,0.61
803,88,0.53
542,688,0.43
717,184,0.36
82,272,0.5
299,900,0.37
845,270,0.39
646,600,0.98
56,949,0.78
738,548,0.78
853,78,0.78
986,906,0.37
341,274,0.15
312,281,0.19
979,488,0.82
220,616,0.73
807,392,0.13
252,519,0.62
259,150,0.89
561,380,0.82
281,528,0.77
719,776,0.34
983,662,0.59
183,481,0.44
153,913,0.75
680,439,0.88
37,512,0.14
760,715,0.51
968,584,0.28
350,788,0.49
607,264,0.23
190,446,0.22
329,436,0.18
451,527,0.28
471,753,0.3
417,571,0.64
8,522,0.16
997,75,0.34
140,488,0.11
49,571,0.74
908,983,0.68
421,222,0.92
258,117,0.61
374,491,0.25
680,609,0.71
878,319,0.31
784,72,0.28
449,49,0.34
521,54,0.37
962,950,0.69
512,673,0.23
574,356,0.47
236,146,0.58
625,616,0.39
722,575,0.84
952,654,0.75
750,606,0.62
522,902,0.79
30,135,0.51
552,576,0.67
819,308,0.41
982,253,0.72
841,747,0.58
839,22,0.73
227,527,0.67
83,392,0.14
512,357,0.9
212,752,0.68
405,874,0.74
727,986,0.36
697,936,0.95
446,279,0.26
116,979,0.4
407,983,0.5
818,812,0.23
577,492,0.35
598,317,0.66
813,562,0.24
289,836,0.88
808,251,0.96
809,958,0.79
489,199,0.77
337,142,0.25
804,73,0.72
577,995,0.9
910,607,0.84
489,321,0.19
842,368,0.35
859,619,0.3
590,904,0.17
72,911,0.93
166,783,0.74
814,181,0.98
957,113,0.41
304,217,0.24
268,70,0.26
530,697,0.8
204,346,0.62
499,510,0.8
877,356,0.15
858,319,0.53
440,96,0.67
345,437,0.19
481,539,0.13
866,216,0.2
43,236,0.18
629,49,0.22
835,819,0.82
875,622,0.69
147,977,0.46
382,82,0.55
260,125,0.99
390,246,0.16
595,500,0.41
797,412,0.51
650,716,0.22
850,528,0.87
859,929,0.37
436,415,0.87
875,898,1.0
595,344,0.6
579,446,0.18
430,736,0.67
681,400,0.25
992,825,0.96
745,694,0.89
472,284,0.5
928,256,0.64
375,101,0.53
105,875,0.77
101,416,0.22
540,986,0.53
393,133,0.42
41,754,0.33
297,726,0.92
408,882,0.92
315,153,0.9
212,179,0.9
182,2,0.25
846,124,1.0
144,191,0.49
502,527,0.31
363,10,0.24
662,551,0.65
606,99,0.78
927,422,0.77
737,571,0.76
602,383,0.25
731,328,0.62
506,920,0.43
143,246,0.45
442,293,0.88
817,898,0.29
139,952,0.27
593,745,0.15
129,179,0.47
557,964,0.9
975,122,0.15
89,786,0.58
447,936,0.93
230,708,0.51
216,383,0.52
156,363,0.91
266,73,0.8
535,85,0.71
619,788,0.81
417,956,0.61
46,532,0.39
999,160,0.53
257,37,0.13
903,596,0.45
170,337,0.88
849,775,0.57
102,369,0.75
545,153,0.83
711,328,0.92
823,495,0.84
519,170,0.67
933,499,0.18
599,898,0.48
69,434,0.5
35,629,0.55
799,681,0.91
918,998,0.18
188,203,0.11
686,898,0.23
699,549,0.14
194,201,0.61
91,11,0.67
860,526,0.95
313,113,0.92
448,118,0.76
182,613,0.32
641,812,0.36
448,77,0.48
835,30,0.17
590,598,0.96
290,699,0.99
397,866,0.85
697,396,0.53
177,601,0.82
891,332,0.85
803,314,0.45
882,413,0.62
960,79,0.23
588,705,0.2
501,418,0.16
641,450,0.74
173,599,0.77
970,252,0.9
546,704,0.19
754,808,0.6
126,986,0.56
949,918,0.66
205,882,0.29
778,490,0.32
617,671,0.91
26,326,0.39
865,343,0.81
652,390,0.89
686,276,0.4
204,135,0.43
277,502,0.78
21,466,0.72
937,47,0.64
453,131,0.29
283,134,0.26
257,975,0.88
47,168,1.0
583,69,1.0
496,620,0.3
37,367,0.71
927,893,0.35
336,605,0.71
832,453,0.66
109,294,0.56
195,774,0.95
789,864,0.69
745,683,0.14
597,922,0.66
446,70,0.86
469,750,0.29
327,776,0.67
514,587,0.87
440,490,0.47
150,994,0.97
266,494,0.59
443,257,0.82
618,104,0.37
480,700,0.98
94,601,0.21
327,396,0.32
764,884,0.76
874,485,0.14
686,993,0.38
72,754,0.48
1,477,0.33
268,546,0.77
311,120,0.39
479,508,0.64
888,17,0.11
525,343,0.33
925,970,0.82
106,699,0.16
771,777,0.96
226,921,1.0
318,835,0.74
901,520,0.84
734,460,0.72
990,336,0.43
527,550,0.55
681,947,0.21
789,374,0.31
775,736,0.99
552,97,0.8
609,511,0.12
773,835,0.69
890,426,0.62
136,942,0.54
918,725,0.53
515,627,0.35
947,570,0.42
16,532,0.19
251,960,0.15
757,821,0.24
223,28,0.11
761,425,0.78
547,340,0.31
776,23,0.87
883,130,0.62
210,345,0.83
998,574,0.55
238,659,0.29
492,413,0.12
826,690,0.4
876,20,0.33
74,801,0.51
304,301,0.16
51,299,0.87
151,899,0.36
57,516,0.25
659,507,0.36
923,962,0.8
120,709,0.93
29,539,0.96
385,715,0.26
398,989,0.73
153,447,0.56
483,384,0.26
565,13,0.72
115,617,0.24
857,760,0.31
548,598,0.38
251,391,0.95
257,333,0.55
815,970,0.23
943,527,0.11
813,581,0.52
54,644,0.7
286,696,0.65
696,143,0.31
46,101,0.81
437,171,0.33
926,364,0.22
660,372,0.62
370,41,0.73
160,32,0.91
607,206,0.84
152,537,0.62
710,587,0.98
708,417,0.32
146,335,0.62
401,418,0.86
326,743,0.48
471,599,0.32
837,846,0.95
205,747,0.41
340,568,0.9
252,320,0.4
754,786,0.45
647,473,0.63
993,509,0.11
694,805,0.43
748,609,0.34
243,241,0.91
48,924,0.9
238,553,0.34
964,498,0.57
201,751,0.3
851,707,0.5
989,389,0.8
85,840,0.17
386,762,0.16
719,879,0.76
633,624,0.29
28,648,0.69
374,853,0.14
471,540,0.42
958,707,0.93
961,881,0.67
469,477,0.91
980,898,0.18
786,138,0.94
53,78,0.93
547,932,0.96
195,906,0.47
923,47,0.62
771,345,0.55
388,586,0.5
275,135,0.46
951,380,0.29
38,132,0.2
229,580,0.16
98,582,0.96
80,47,0.31
629,46,0.12
173,600,0.86
282,13,0.63
596,800,0.52
369,648,0.86
915,441,0.56
222,870,0.44
686,433,0.61
959,464,0.38
132,594,0.19
393,852,0.96
429,363,0.41
957,905,0.58
89,612,0.66
747,316,0.77
694,563,0.14
608,843,0.49
293,572,0.61
388,767,0.76
713,807,0.77
638,586,0.22
98,353,0.71
963,46,0.62
462,570,0.2
275,882,0.85
806,285,0.24
834,448,0.28
766,988,0.82
202,600,0.47
82,480,0.44
130,251,0.86
92,508,0.91
148,724,0.14
235,61,0.2
229,828,0.11
579,345,0.3
745,7,0.65
246,540,0.21
336,126,0.17
501,205,0.35
912,700,0.42
7,977,0.2
437,545,0.39
815,298,0.17
849,636,0.13
870,301,0.3
711,64,0.99
878,898,0.6
927,844,0.42
363,308,0.97
141,682,0.45
461,110,1.0
892,36,0.47
782,733,0.99
700,216,0.23
720,182,0.35
379,407,0.3
5,381,0.51
669,520,0.57
95,38,0.37
847,254,0.1
666,227,0.43
869,559,0.29
997,471,0.91
151,7,0.6
248,37,0.4
864,202,0.11
552,952,0.57
590,902,0.35
172,437,0.58
28,735,0.32
981,892,0.59
830,496,0.18
601,834,0.55
617,545,0.75
849,863,0.11
222,516,0.13
561,200,0.64
879,423,0.12
561,468,0.42
866,190,0.92
136,425,0.19
268,142,0.68
406,130,0.79
840,105,0.81
775,397,0.3
699,109,0.44
841,7,0.98
461,601,0.98
859,512,0.56
400,712,0.55
454,182,0.7
163,903,0.77
467,86,0.69
594,134,0.45
103,447,0.53
860,544,0.99
596,225,0.11
460,142,0.4
536,247,0.6
160,411,0.58
555,223,0.51
451,469,0.93
837,932,0.53
616,290,0.23
756,24,0.51
395,989,0.73
544,156,0.74
863,279,0.52
662,718,0.14
297,429,0.57
479,1,0.82
229,3,0.83
696,90,0.54
978,250,0.89
986,70,0.7
489,370,0.44
522,121,0.99
381,550,0.66
572,597,0.24
746,462,0.3
210,304,0.39
661,976,0.65
953,91,0.21
114,815,0.99
289,126,0.25
887,184,0.48
964,733,0.12
649,655,0.9
867,97,0.88
939,577,0.62
550,331,0.73
1000,408,0.58
606,530,0.81
779,964,0.47
506,78,0.96
731,438,0.79
584,861,0.72
661,663,0.56
220,417,0.79
88,459,0.46
958,242,0.95
242,485,0.83
890,717,0.18
926,57,0.76
306,310,0.52
932,639,0.56
567,524,0.68
795,107,0.78
987,725,0.8
235,76,0.47
647,45,0.8
254,31,0.71
991,717,0.81
496,284,0.39
56,42,0.43
591,722,0.92
679,72,0.99
957,176,0.89
587,448,0.17
731,577,0.96
38,330,0.93
838,389,0.68
662,256,0.6
548,514,0.7
882,441,0.87
928,16,0.49
936,137,0.45
148,534,0.91
813,222,0.88
118,858,0.77
581,45,0.7
48,415,0.85
210,628,0.35
485,688,0.89
890,779,0.38
167,300,0.24
861,560,0.24
832,891,0.37
465,851,0.93
277,977,0.36
169,661,0.18
840,537,0.15
677,274,0.48
667,431,0.11
944,351,0.64
973,879,0.54
644,141,0.41
347,717,0.7
843,126,0.91
760,547,0.44
37,587,1.0
387,935,0.6
630,983,0.18
599,437,0.53
537,473,0.28
130,337,0.93
929,555,0.94
540,549,0.24
577,884,0.18
687,840,0.33
112,758,0.71
572,710,0.92
754,657,0.69
998,954,0.49
293,467,0.9
281,701,0.95
228,404,0.27
476,575,0.7
946,112,0.23
240,40,0.22
745,648,0.17
750,596,0.78
296,486,0.14
562,667,0.52
864,982,0.93
690,914,0.19
532,469,0.31
665,937,0.91
128,22,0.13
737,713,0.16
994,365,0.24
161,628,0.31
153,10,0.25
974,560,0.68
827,356,0.26
429,735,0.19
634,270,0.7
457,586,0.74
221,529,0.41
476,802,0.57
537,449,0.39
218,162,0.62
331,130,0.5
888,632,0.44
82,917,0.58
308,277,0.79
696,14,0.9
159,807,0.37
113,764,0.7
606,915,0.25
688,166,0.38
708,10,0.74
305,82,0.73
887,713,0.72
454,109,0.18
850,859,0.77
910,380,0.98
158,461,0.43
738,754,0.59
355,480,0.48
645,754,0.94
781,266,1.0
174,933,0.48
722,630,0.95
592,345,0.6
439,424,0.15
342,757,0.77
711,279,0.19
89,255,0.46
30,720,0.2
407,932,0.34
812,530,0.68
541,345,0.7
710,693,0.87
811,328,0.57
426,497,0.27
709,268,0.86
766,480,0.15
862,684,0.69
607,711,0.7
280,638,0.82
115,825,0.14
576,604,0.39
541,853,0.13
120,947,0.95
423,345,0.21
573,859,0.14
54,754,0.87
300,197,0.1
965,720,0.9
56,343,0.99
297,482,0.61
513,922,0.26
28,702,0.45
797,464,0.4
160,41,0.24
290,671,0.88
56,915,0.57
684,418,0.91
759,611,0.17
950,958,0.83
303,851,0.67
33,81,0.21
646,278,0.38
614,508,0.44
639,148,0.91
901,139,0.68
588,235,0.12
873,385,0.56
6,830,0.62
477,226,0.17
107,960,0.92
8,642,0.88
599,929,0.33
996,672,0.58
212,51,0.32
232,384,0.31
105,759,0.48
832,390,0.65
850,4,0.72
37,595,0.44
800,897,0.82
292,342,0.3
912,180,0.24
930,951,1.0
744,175,0.3
366,20,0.31
105,728,0.98
457,248,0.21
100,188,0.3
832,835,0.6
690,310,0.59
180,959,0.52
943,60,0.75
66,448,0.38
539,165,0.6
799,389,0.65
957,986,0.81
314,80,0.63
668,592,0.9
226,520,0.52
109,819,0.12
922,551,0.93
82,802,0.3
793,880,0.77
709,978,0.86
159,999,0.48
449,77,0.97
424,769,0.83
693,825,0.54
603,782,0.22
791,489,0.57
255,119,0.54
408,773,0.14
100,72,0.76
251,604,0.13
538,316,0.69
992,30,0.15
155,651,0.5
703,205,0.16
419,170,0.26
959,944,0.27
278,324,0.55
892,382,0.48
377,747,0.64
361,172,0.22
997,592,0.73
257,368,0.31
955,163,0.31
152,659,0.36
679,967,0.1
663,318,0.12
265,138,0.56
319,662,0.55
313,479,0.33
198,308,0.96
240,819,0.34
105,712,0.27
876,765,0.1
284,317,0.78
547,974,0.87
439,653,0.64
604,484,0.97
535,200,0.9
85,740,0.21
887,949,0.51
345,953,0.82
984,69,0.14
712,557,0.34
865,481,0.12
740,927,0.45
716,981,0.64
615,684,0.96
854,251,0.67
102,288,0.86
376,282,0.29
979,247,0.91
915,236,0.19
961,858,0.18
550,227,0.25
538,430,0.3
958,318,0.69
642,329,0.55
773,636,0.44
327,245,0.27
847,204,0.88
469,24,0.64
212,313,0.41
883,779,0.86
651,66,0.66
392,215,0.95
515,522,0.25
280,771,0.57
825,727,0.89
426,396,0.75
634,853,0.32
982,224,0.95
493,73,0.67
122,700,0.58
317,115,0.53
830,338,0.65
375,436,0.9
246,578,0.66
890,804,0.24
15,44,0.58
745,590,0.82
301,259,0.88
646,316,0.4
17,28,0.14
854,489,0.84
377,625,0.52
246,483,0.58
628,991,0.62
937,882,0.27
995,527,0.37
421,898,0.91
394,336,0.77
183,435,0.13
27,716,0.57
50,359,0.96
311,404,0.67
273,171,0.84
257,84,0.9
311,547,0.26
151,765,0.12
297,565,0.28
320,785,0.77
638,38,0.67
28,411,0.71
812,219,0.55
859,127,0.98
359,590,0.33
496,886,0.31
427,197,0.24
518,891,0.65
791,899,0.25
306,166,0.25
920,631,0.26
624,756,0.33
217,254,0.24
787,5,0.65
10,620,0.65
303,660,0.57
473,558,0.31
962,114,0.98
65,204,0.16
992,577,0.46
404,754,0.22
888,815,0.73
918,667,0.95
678,154,0.38
1,556,0.39
187,743,0.53
34,449,0.44
733,845,0.59
406,748,0.46
611,297,0.17
37,101,0.48
532,150,0.7
985,297,0.12
640,400,0.78
795,215,0.6
683,579,0.61
426,156,0.4
500,527,0.27
676,655,0.57
476,873,0.48
232,635,0.65
74,706,0.26
329,949,0.93
384,504,0.15
227,195,0.75
305,999,0.45
43,14,0.67
634,576,0.39
214,458,0.27
780,553,0.56
854,118,0.39
257,518,0.31
61,353,0.35
559,693,0.57
500,570,0.89
173,109,0.73
805,198,0.89
394,218,0.77
229,974,0.86
223,373,0.97
915,471,0.48
749,530,0.41
111,564,0.15
273,849,0.11
834,66,0.47
182,560,0.95
930,654,0.97
848,269,0.27
738,716,0.84
720,981,0.11
842,221,0.19
155,142,0.5
656,473,0.65
883,265,0.45
392,956,0.48
605,929,0.45
625,523,0.73
951,597,0.57
787,205,0.3
843,997,0.97
314,611,0.3
759,990,0.6
470,148,0.38
903,114,0.37
348,61,0.22
268,157,0.39
550,486,0.68
305,590,0.67
822,509,0.98
845,687,0.16
586,444,0.62
274,968,0.96
835,554,0.49
915,161,1.0
841,981,0.17
55,780,0.97
803,290,0.44
935,256,0.12
177,557,0.93
137,280,0.52
946,602,0.31
54,321,0.35
219,627,0.93
655,510,0.63
600,78,0.17
252,603,0.39
900,476,0.27
810,95,0.25
10,803,0.18
500,708,0.27
86,856,0.26
464,994,0.99
260,754,0.68
719,408,0.38
428,748,0.84
1,499,0.63
153,952,0.71
468,538,0.23
355,218,0.75
232,937,0.6
309,227,0.38
337,682,0.89
87,242,0.23
369,977,0.56
235,985,0.8
701,179,0.61
483,562,0.21
228,153,0.5
699,442,0.8
999,779,0.58
65,890,0.93
684,45,0.34
938,205,0.38
883,280,0.32
546,933,0.78
985,454,0.55
834,978,0.16
293,64,0.93
638,651,0.69
83,50,0.1
653,7,0.51
75,714,0.94
172,673,0.46
841,975,0.14
267,913,0.62
584,234,0.31
456,259,0.9
509,474,0.13
658,550,0.42
988,726,0.87
454,784,0.48
722,40,0.43
829,445,0.69
175,791,0.21
380,637,0.77
101,181,0.34
757,658,0.8
259,395,0.54
26,754,0.87
665,264,0.63
164,904,0.16
475,295,0.44
244,779,0.19
923,618,0.49
486,99,0.11
322,753,0.54
649,925,0.95
303,856,0.46
858,899,0.27
835,487,0.75
237,945,0.3
522,10,0.39
477,611,0.26
437,556,0.31
709,36,0.39
598,321,0.81
549,667,0.19
63,674,0.1
417,86,0.93
765,768,0.85
738,204,0.55
272,373,0.14
68,457,0.16
688,431,0.54
541,49,0.7
326,111,0.77
318,130,0.47
512,387,0.82
169,363,0.67
248,458,0.85
167,530,0.55
360,964,0.49
15,439,0.43
766,703,0.78
76,842,0.36
361,787,0.27
639,875,0.15
343,647,0.9
857,430,0.9
273,524,0.81
674,667,0.24
64,92,0.31
760,32,0.13
181,466,0.5
486,171,0.9
298,508,0.73
751,192,0.93
998,552,0.14
625,633,0.66
151,85,0.53
163,581,0.15
552,36,0.72
64,206,0.87
738,844,0.82
88,854,0.21
471,876,0.48
354,651,0.49
461,952,0.19
31,111,0.79
874,600,0.23
794,546,0.52
680,32,0.25
639,763,0.76
860,939,0.75
376,885,0.86
728,159,0.33
592,72,0.44
129,107,0.69
601,219,0.28
777,829,0.58
869,477,0.12
569,789,0.24
310,844,0.63
775,995,0.38
292,552,0.97
192,120,0.61
627,668,0.61
53,75,0.35
281,707,0.95
388,755,0.68
630,178,0.28
843,255,0.65
623,635,0.21
811,208,0.76
86,889,0.64
990,305,0.61
944,1,0.19
39,615,0.37
160,870,0.65
843,733,0.57
504,712,0.93
164,657,0.42
634,546,0.53
367,735,0.51
254,434,0.2
5,973,0.83
867,760,0.91
788,605,0.81
538,576,0.12
104,309,0.96
861,26,0.21
677,357,0.45
841,244,0.43
272,26,0.24
695,200,0.77
501,466,0.68
363,657,0.55
447,614,0.62
348,495,0.55
660,127,0.29
970,295,0.64
324,133,0.16
963,196,0.9
518,461,0.35
938,542,0.6
480,946,0.68
277,837,0.32
3,834,0.84
979,898,0.34
56,129,0.17
220,91,0.36
45,905,0.87
583,333,0.57
420,674,0.69
402,369,0.44
550,967,0.86
673,306,0.35
160,769,0.92
406,157,0.55
236,727,0.6
999,373,0.45
410,69,0.86
685,399,0.22
780,508,0.24
920,661,0.19
133,630,0.38
720,215,0.87
766,159,1.0
481,570,0.37
737,670,0.68
949,185,0.11
116,151,0.92
476,263,0.83
27,147,0.91
570,768,0.48
713,686,0.33
115,868,0.61
515,193,0.74
401,280,0.45
916,712,0.14
969,396,0.8
53,451,0.75
891,347,0.15
661,278,0.25
985,226,0.29
441,864,0.75
683,191,0.64
350,147,0.11
214,457,0.62
664,63,0.52
775,762,0.37
279,659,0.72
621,860,0.62
183,281,0.64
391,985,0.88
1000,72,0.99
209,635,0.38
914,896,0.13
389,183,0.24
63,12,0.74
259,167,0.63
851,70,0.73
695,734,0.93
658,923,0.87
793,534,0.4
63,478,0.49
884,487,0.61
798,201,0.92
609,318,0.1
878,570,0.75
382,369,0.19
140,167,0.36
450,848,0.14
213,912,0.25
783,802,0.15
223,795,0.34
854,685,0.31
641,715,0.12
634,534,0.17
842,981,0.8
969,725,0.19
66,282,0.99
596,817,0.45
278,615,0.62
966,561,0.54
363,797,0.76
822,921,0.87
114,50,0.42
92,184,0.92
627,583,0.42
188,587,0.26
462,885,0.39
793,359,0.41
214,976,0.95
198,948,0.81
483,743,0.86
5,389,0.12
233,749,0.91
646,287,0.56
127,257,0.71
504,859,0.4
775,695,0.6
409,171,0.96
883,437,0.86
808,489,0.57
803,192,0.84
474,378,0.55
632,58,0.47
790,344,0.72
672,233,0.28
916,179,0.24
677,609,0.72
110,782,0.18
292,887,0.64
208,712,0.88
126,325,0.11
865,868,0.27
326,12,0.32
809,293,0.41
576,234,0.91
685,345,0.37
937,390,0.93
214,20,0.17
624,69,0.99
337,780,0.15
32,872,0.48
52,448,0.37
304,209,0.76
818,204,0.11
190,947,0.64
406,146,0.81
202,166,0.95
947,429,0.43
746,124,0.43
86,703,0.17
137,404,0.96
619,884,0.81
986,193,0.62
488,141,0.18
756,308,0.8
849,349,0.33
687,355,0.28
661,189,0.66
957,308,0.19
182,342,0.26
314,485,0.92
573,664,0.47
466,368,0.39
841,31,0.57
244,577,0.78
34,42,0.28
700,379,0.76
700,187,0.31
500,740,0.57
109,652,0.42
146,135,0.22
965,413,0.23
635,299,0.89
51,771,0.88
797,303,0.3
526,530,0.88
868,828,0.12
584,992,0.85
565,688,0.76
778,934,0.44
724,398,0.83
66,5,0.43
626,121,0.31
940,351,0.48
92,626,0.79
628,478,0.27
294,332,0.23
836,603,0.46
301,252,0.72
810,784,0.81
390,978,0.18
279,425,0.43
453,689,0.96
538,866,0.3
924,212,0.97
717,335,0.99
762,346,0.41
394,227,0.67
729,588,0.1
78,712,0.5
696,282,0.42
607,898,0.63
612,844,0.71
725,446,0.94
359,619,0.12
298,983,0.59
33,661,0.64
90,81,0.32
69,188,0.93
293,409,0.47
565,178,0.76
788,772,0.52
956,241,0.75
600,381,0.69
837,152,0.12
363,325,0.76
551,817,0.63
445,83,0.11
737,251,0.31
49,143,0.51
786,30,0.44
159,578,0.73
643,177,0.53
795,970,0.3
112,111,0.73
142,66,0.19
840,944,0.88
664,319,0.71
897,304,0.28
842,2,0.22
963,853,0.65
861,65,0.83
781,101,0.55
92,404,0.79
482,31,0.7
516,596,0.64
834,320,0.56
818,599,0.78
114,623,0.48
718,246,0.44
481,485,0.7
181,778,0.47
782,975,0.52
344,76,0.64
415,379,0.17
789,782,0.37
591,216,0.94
777,461,0.91
477,458,0.49
367,943,0.39
613,141,0.89
815,928,0.33
434,611,0.8
57,136,0.14
600,408,0.65
661,94,0.5
569,931,0.27
3,54,0.43
526,573,0.27
390,304,0.3
418,145,0.5
232,10,0.4
961,462,0.98
237,178,0.52
496,839,0.6
172,377,0.56
223,238,0.85
347,498,0.37
494,111,0.83
859,577,0.59
851,320,0.58
916,432,0.15
500,303,0.77
462,436,0.85
812,893,0.86
80,539,0.29
904,923,0.68
947,626,0.66
768,615,0.12
179,618,0.79
266,738,0.72
908,674,0.12
456,846,0.62
488,157,0.49
529,988,0.9
896,602,0.11
486,684,0.94
495,736,0.22
236,891,0.53
459,382,0.75
75,376,0.53
523,692,0.16
396,221,0.12
946,699,0.7
803,188,0.18
581,406,0.72
696,551,0.68
490,808,0.34
690,849,0.95
516,421,0.74
990,792,0.91
509,7,0.19
704,326,0.8
983,506,0.33
960,497,0.23
800,802,0.28
541,783,0.93
182,476,0.67
213,708,0.73
459,604,0.71
442,709,0.69
65,878,0.37
478,189,0.64
233,471,0.31
748,298,0.85
996,857,0.27
290,425,0.22
825,995,0.16
768,906,0.69
838,629,0.47
21,529,0.23
987,605,0.75
734,437,0.62
548,172,0.52
864,206,0.4
460,550,0.63
323,398,0.15
615,692,0.23
320,850,0.36
344,520,0.86
438,473,0.12
600,123,0.45
123,830,0.73
514,564,0.37
843,115,0.45
136,868,0.91
417,841,0.52
767,138,0.23
110,949,0.71
391,567,0.41
611,831,0.74
216,792,0.77
215,889,0.76
476,745,0.2
90,182,0.92
553,655,0.53
429,715,0.98
680,746,0.73
738,514,0.99
983,838,0.68
318,146,0.91
656,394,0.27
372,975,0.74
115,84,0.86
38,129,0.45
704,912,0.91
530,47,0.21
455,391,0.29
54,20,0.71
438,557,0.56
662,882,0.47
676,432,0.74
703,969,0.15
639,129,0.42
680,998,0.6
137,87,0.97
135,151,0.75
374,469,0.35
34,648,0.52
786,882,0.36
183,640,0.29
616,148,0.75
331,943,0.25
950,795,0.42
764,153,0.61
536,605,0.15
561,52,0.59
222,31,0.2
608,626,0.59
679,212,0.33
567,118,0.23
208,490,0.47
878,674,0.51
650,166,0.71
619,398,0.77
520,54,0.2
902,758,0.35
15,88,0.88
848,881,0.79
388,603,0.23
69,504,0.33
551,197,0.34
918,603,0.14
322,732,0.35
356,912,0.52
676,665,0.97
278,400,0.64
618,997,0.26
699,578,0.74
865,250,0.3
656,583,0.33
183,485,0.48
98,244,0.24
702,584,0.72
84,987,0.29
829,289,0.56
920,738,0.49
377,330,0.23
42,825,0.24
667,320,0.16
399,484,0.99
388,945,0.68
115,730,0.86
520,256,0.55
764,19,0.18
464,179,0.96
510,53,0.35
653,525,0.61
344,805,0.8
798,3,0.65
525,67,0.5
781,827,0.93
80,455,0.49
879,303,0.55
121,310,0.65
478,163,1.0
707,94,0.48
629,846,0.62
972,486,0.6
296,294,0.69
473,802,0.39
446,57,0.74
18,651,0.67
495,14,0.48
675,239,0.13
224,155,0.25
599,712,0.95
503,883,0.71
698,465,0.52
814,941,0.12
400,217,0.37
472,943,0.2
226,333,0.79
3,277,0.13
895,683,0.7
854,597,0.4
412,729,0.71
437,413,0.36
914,549,0.8
694,773,0.78
285,117,0.27
676,964,0.2
877,464,0.78
679,104,0.26
680,428,0.85
909,642,0.6
880,78,0.35
60,836,0.92
810,89,0.19
5,959,0.71
526,659,0.95
462,775,0.28
304,865,0.87
368,77,0.19
498,912,0.55
304,849,0.12
503,491,0.11
522,930,0.2
585,179,0.9
326,840,0.39
320,21,0.45
942,33,0.99
544,800,0.61
820,142,0.54
733,484,0.12
